Data Source,World Development Indicators,,,,,,,,,,,,,,,,,,,,,,,,,,,,,,,,,,,,,,,,,,,,,,,,,,,,,,,,,,,,,,,,
,,,,,,,,,,,,,,,,,,,,,,,,,,,,,,,,,,,,,,,,,,,,,,,,,,,,,,,,,,,,,,,,,
Last Updated Date,2022-04-08,,,,,,,,,,,,,,,,,,,,,,,,,,,,,,,,,,,,,,,,,,,,,,,,,,,,,,,,,,,,,,,,
,,,,,,,,,,,,,,,,,,,,,,,,,,,,,,,,,,,,,,,,,,,,,,,,,,,,,,,,,,,,,,,,,
Country Name,Country Code,Indicator Name,Indicator Code,1960,1961,1962,1963,1964,1965,1966,1967,1968,1969,1970,1971,1972,1973,1974,1975,1976,1977,1978,1979,1980,1981,1982,1983,1984,1985,1986,1987,1988,1989,1990,1991,1992,1993,1994,1995,1996,1997,1998,1999,2000,2001,2002,2003,2004,2005,2006,2007,2008,2009,2010,2011,2012,2013,2014,2015,2016,2017,2018,2019,2020,
Aruba,ABW,Tax revenue (current LCU),GC.TAX.TOTL.CN,,,,,,,,,,,,,,,,,,,,,,,,,,,,,,,,,,,,,,,,,,,,,,,,,,,,,,,,,,,,,,
Africa Eastern and Southern,AFE,Tax revenue (current LCU),GC.TAX.TOTL.CN,,,,,,,,,,,,,,,,,,,,,,,,,,,,,,,,,,,,,,,,,,,,,,,,,,,,,,,,,,,,,,
Afghanistan,AFG,Tax revenue (current LCU),GC.TAX.TOTL.CN,,,,,,,,,,,,,,,,,,,,,,,,,,,,,,,,,,,,,,,,,,,,,,,24250612198.98,25646905181.79,31355872125.7044,51882246429.27,66593592311.2775,75823714797.6542,79297407099.239,81114839641,80965841103.0683,92750755156.87,116209545034.17,127240659217.53,,,,
Africa Western and Central,AFW,Tax revenue (current LCU),GC.TAX.TOTL.CN,,,,,,,,,,,,,,,,,,,,,,,,,,,,,,,,,,,,,,,,,,,,,,,,,,,,,,,,,,,,,,
Angola,AGO,Tax revenue (current LCU),GC.TAX.TOTL.CN,,,,,,,,,,,,,,,,,,,,,,,,,,,,,,,,,,,,,,,,2797837874,26311270993,57648356492,103353000000,228200000000,355630000000,551316000000,984460000000,1076320000000,1704030000000,1024060000000,1278470000000,1691010000000,1812070000000,1871680000000,1939827249314.43,1534813668876.62,1610688479594.56,1868949099858.53,2471738951326.29,3060457302239.02,,
Albania,ALB,Tax revenue (current LCU),GC.TAX.TOTL.CN,,,,,,,,,,,,,,,,,,,,,,,,,,,,,,,,,,,,30167000000,29629954000,32817102000,56068290000,,,,100635310000,116544760000,132520460000,,,,,,,234398630000,233018460000,222802900000,255367830000,265573270000,259012440000,292877950000,303547340000,306985340000,,
Andorra,AND,Tax revenue (current LCU),GC.TAX.TOTL.CN,,,,,,,,,,,,,,,,,,,,,,,,,,,,,,,,,,,,,,,,,,,,,,,,,,,,,,,,,,,,,,
Arab World,ARB,Tax revenue (current LCU),GC.TAX.TOTL.CN,,,,,,,,,,,,,,,,,,,,,,,,,,,,,,,,,,,,,,,,,,,,,,,,,,,,,,,,,,,,,,
United Arab Emirates,ARE,Tax revenue (current LCU),GC.TAX.TOTL.CN,,,,,,,,,,,,,,,,,,,,,,,,,,,,,,,,,,,,,,2872000000,2990000000,3481000000,,,,,,,,,,,,4139235254.74,5004550466.9,5307334205,5266555942.6,759347330.52,570323390.73,941124350.67,919656176.04,14924513139,,
Argentina,ARG,Tax revenue (current LCU),GC.TAX.TOTL.CN,,,,,,,,,,,,,,,,,,,,,,,,,,,,,,,3334800000,9059800000,12573700000,18956200000,20920700000,20782800000,22239500000,25449700000,26996600000,25732900000,27347800000,25055700000,30692100000,47059282177.48,63553873916.38,76331000000,92200500000,111658500000,153108100000,154531600000,213581700000,275943500000,341684800000,416961600000,577467060000,734578650000,995383800000,1166188900000,1473359000000,2283987271109.47,,
Armenia,ARM,Tax revenue (current LCU),GC.TAX.TOTL.CN,,,,,,,,,,,,,,,,,,,,,,,,,,,,,,,,,,,,,,,,,,,,,267043777700,321531856485.3,382384726600,502705361964.5,618079775884.5,518556617311.4,590658379399.94,650540284311,746274000000,983389805236.5,1042943423026,1055694002803,1078187054313,1156338063844,1255761498131,1458190451561,,
American Samoa,ASM,Tax revenue (current LCU),GC.TAX.TOTL.CN,,,,,,,,,,,,,,,,,,,,,,,,,,,,,,,,,,,,,,,,,,,,,,,,,,,,,,,,,,,,,,
Antigua and Barbuda,ATG,Tax revenue (current LCU),GC.TAX.TOTL.CN,,,,,,,,,,,,,,,,,,,,,,,,,,,,,,,,,,,,,,,,,,,,,,,,,,,,,,,,,,,,,,
Australia,AUS,Tax revenue (current LCU),GC.TAX.TOTL.CN,,,,,,,,,,,,,7948000000,8479000000,10900000000,14162000000,16920000000,19755000000,21438000000,23477000000,27478000000,32700000000,37961000000,41131000000,44902000000,52971000000,58840000000,66469000000,75073000000,83393000000,90774000000,92737000000,87365000000,88759000000,93359000000,104919000000,115698000000,124557000000,130981000000,139378000000,152575000000,175845000000,178129000000,195155000000,209613000000,229089000000,245016000000,261794000000,285561000000,277782000000,267099000000,288287000000,316642000000,337344000000,350220000000,355227000000,369251000000,388558000000,427289000000,455632000000,,
Austria,AUT,Tax revenue (current LCU),GC.TAX.TOTL.CN,,,,,,,,,,,,,6629215932.79216,7642275241.09213,8794139662.6527,9132068341.53325,10004142351.5476,11143652391.2996,12296243541.2019,13324564144.6771,14333263082.927,15579602188.9058,16073050732.9055,16977100789.9537,18747411030.2828,18887669600.2267,19748115956.7742,20216129008.8152,22209544850.0396,22788020610.0158,24732745652.3477,26790113587.6398,29476101538.4839,30472446094.9253,30995690500.9338,43445940000,47351170000,50573650000,52797300000,54280970000,56018470000,61671100000,61162960000,61784320000,63758610000,64824590000,67091210000,72107670000,76605820000,72659580000,74807510000,78859470000,82620990000,85561440000,88010190000,92354240000,90900970000,93900010000,97998870000,101697080000,,
Azerbaijan,AZE,Tax revenue (current LCU),GC.TAX.TOTL.CN,,,,,,,,,,,,,,,,,,,,,,,,,,,,,,,,,,,95770200,383104000,269173600,337742600,436245200,480700800,,,,,,,,,6591000000,5022200000,5162800000,6366900000,6995500000,7789600000,8387400000,8485000000,8795200000,9259300000,10388951000,11644700000,,
Burundi,BDI,Tax revenue (current LCU),GC.TAX.TOTL.CN,,,,,,,,,,,,,,2520000000,2903000000,2936000000,4397000000,6642000000,8219000000,9926000000,10765000000,10125000000,,,,,,,,,,32087000000,34117000000,34023000000,36498000000,41673000000,35358000000,39149000000,57419330000,61922750000,,,,,,,,,,,,,,,,,,,,,,
Belgium,BEL,Tax revenue (current LCU),GC.TAX.TOTL.CN,,,,,,,,,,,,,,,,,,,,,,,,,,,,,,,,,,,,53932400000,55778700000,59537100000,63187700000,65446100000,69926000000,70806100000,70260500000,70515500000,75801700000,78970700000,82223500000,85178100000,88829800000,82396300000,88854000000,93753800000,99726300000,102898600000,105323000000,101485700000,98241500000,104351400000,110442000000,108125000000,,
Benin,BEN,Tax revenue (current LCU),GC.TAX.TOTL.CN,,,,,,,,,,,,,,,,,21791000000,23905000000,25697000000,27225000000,,,,,,,,,,,,,,,,,,,,,,,,,,,,,,,,,,,,,,,,,,
Burkina Faso,BFA,Tax revenue (current LCU),GC.TAX.TOTL.CN,,,,,,,,,,,,,,,,,,,,,,,,,,,,,,,,,,,,,,,,,,,242778222156,271103148478.9,324603571361.7,338646215911,368679754283,411682290052,444671069165,494578784550,565750000000,695634000000,890778000000,992610000000,940681612702,928991340559.848,1075300000000,1250051305170,1349720677436.8,1469247734439.83,,
Bangladesh,BGD,Tax revenue (current LCU),GC.TAX.TOTL.CN,,,,,,,,,,,,,,,,,,,,,,,,,,,,,,,,,,,,,,,,,,192607560000,210297090000,242612470000,270086140000,304745986000,339724591000,380310894000,481320971000,528671033000,624846429000,795482000000,952275500000,1074524500000,1160313600000,1288181670000,1518860000000,,,,,
Bulgaria,BGR,Tax revenue (current LCU),GC.TAX.TOTL.CN,,,,,,,,,,,,,,,,,,,,,,,,,,,,,,,10818000,30307000,33942000,45474000,111632000,156395000,299309000,2813728000,4269325000,4228466000,4792168000,5311283000,5210915000,7243942000,8674727000,9548149000,11235579000,14522003000,16136459000,13891750000,13795981000,14326025000,15601583000,16388235000,16435580000,18131664000,19274721000,20572235000,22138949000,24355087000,,
Bahrain,BHR,Tax revenue (current LCU),GC.TAX.TOTL.CN,,,,,,,,,,,,,,,56400000,61400000,48300000,56300000,56200000,61400000,39900000,49000000,56700000,75900000,83900000,80900000,73800000,67800000,67900000,75200000,82500000,87500000,96300000,104600000,108300000,105500000,115700000,121700000,131700000,124800000,127200000,138500000,129100000,137700000,208500000,,,,,,,,,,,,,,,,,
"Bahamas, The",BHS,Tax revenue (current LCU),GC.TAX.TOTL.CN,,,,,,,,,,,,,,,,,,,,,,,,,,,,,,,438900000,424300000,479800000,476000000,544800000,594800000,615300000,658264000,681443000,793258000,862461000,820100000,799224000,823900000,853763000,983788000,1143646000,1206123000,1275895000,1123177000,1086537486.05,1310268350.42,1290668564.4,1233120929.29,1257267989.35,1503543948.08,1679252103,1840965190.41,1835674000,2198698000,,
Bosnia and Herzegovina,BIH,Tax revenue (current LCU),GC.TAX.TOTL.CN,,,,,,,,,,,,,,,,,,,,,,,,,,,,,,,,,,,,,,,,,,,,,,3509962721.37,4350400905.82,4823949756.42,5180963259.33,4698398594.79,4993262488.64,5326432261,5369765873,5289217551,5410978730.78,5699003690.42,5966385796.87174,6356617720.25,6836219544.64,7094923814.23,,
Belarus,BLR,Tax revenue (current LCU),GC.TAX.TOTL.CN,,,,,,,,,,,,,,,,,,,,,,,,,,,,,,,,,1890,26240,440380,2414420,3606530,7606070,12015610,50451980,151847000,270558000,371191000,646762640,918416700,1311079700,1761558200,2305411800,3290636667.7,2647085700,2782247049.51,4457840000,8029690000,8957020000,10231733730,12743002304.98,13091791831.6,13767364091,17947442346.2,17921398553.17,,
Belize,BLZ,Tax revenue (current LCU),GC.TAX.TOTL.CN,,,,,,,,,,,,,,,,,,,,,,,,,,,,,,,176836000,184212000,206628000,218590000,231371000,232589000,250638000,257214000,271441000,255013000,296677000,326111000,359961000,379795000,416017000,474746000,530429000,591664000,593959000,601126000,659344000,671122000,704064096.84,751862396.09,849419290.42,864329903.14,924672689.13,967444231.6,,,,
Bermuda,BMU,Tax revenue (current LCU),GC.TAX.TOTL.CN,,,,,,,,,,,,,,,,,,,,,,,,,,,,,,,,,,,,,,,,,,,,,,,,,,,,,,,,,,,,,,
Bolivia,BOL,Tax revenue (current LCU),GC.TAX.TOTL.CN,,,,,,,,,,,,,,,,,,,,,,,,,,195400000,610300000,710200000,786700000,900600000,1117500000,1517700000,1959200000,2327600000,2776200000,3134000000,4614700000,5255600000,6342800000,5797900000,6403200000,6337870000,7473057692.3,8030864313.94,10455300000,12489538389.62,15428463542.931,17475369491.8954,,,,,,,,,,,,,,
Brazil,BRA,Tax revenue (current LCU),GC.TAX.TOTL.CN,,,,,,,,,,,,,,,,,,,,,,,,,,,,,,,,,,,,,,,,,,,,,,,,,,,553715366061.065,649950650203.849,690068977886.652,753118558834.121,779587999258.526,817208787504.57,859555124151.267,895973454781.547,976401719652.458,1017440878980.5,,
Barbados,BRB,Tax revenue (current LCU),GC.TAX.TOTL.CN,,,,,,,,,,,,,,,,,,,,,,,,,,,,,,,,,,,,,,,,,,,,1620375000,1775600000,2042267000,2132761547.32,2426717861,2433534913,2207266284,2238991503,2417521474,2256243148,2158077436,2208882866,2394447508,2655964506,,,,,
Brunei Darussalam,BRN,Tax revenue (current LCU),GC.TAX.TOTL.CN,,,,,,,,,,,,,,,,,,,,,,,,,,,,,,,,,,,,,,,,,,,,,,,,,,,,,,,,,,,,,,
Bhutan,BTN,Tax revenue (current LCU),GC.TAX.TOTL.CN,,,,,,,,,,,,,,,,,,,,,,,76500000,105000000,138600000,135900000,171500000,,235900000,232500000,231700000,281600000,328200000,447100000,503300000,649800000,844200000,868900000,1246390000,1265800000,1977100000,1916900000,2414588000,2713560000,2446597000,3014127000,3673222000,3718873000,4607218000,5654082000,9528495680,11474687302,14329633506,15151183529,15943695000,17046312561.61,18829682592.579,20012782000,26803821592.4,,,
Botswana,BWA,Tax revenue (current LCU),GC.TAX.TOTL.CN,,,,,,,,,,,,,,,,,,,,,,,,,,,,,,,1939510000,2037100000,2435900000,2387500000,2277400000,2198700000,2407100000,,,,,,,,,,15919000000,17266840000,20454250000,20044980000,20504560000,24846060000,29791760000,32052910000,37621320000,36060110000,35563750000,39884397000,37768760000,37956640000,,
Central African Republic,CAF,Tax revenue (current LCU),GC.TAX.TOTL.CN,,,,,,,,,,,,,,,,,,,,,,,,,,,,,,,,,,,,,,,,,,,,,41680154865,,,,73652850018.9071,76892480358.6,89135596491,86631395622,104734000000,,38344670840.693,54631151708,73625163568,85210311549.2143,106583975699.084,,,
Canada,CAN,Tax revenue (current LCU),GC.TAX.TOTL.CN,,,,,,,,,,,,,,,,,,,,,,,,,,,,,,,98150000000,101039000000,102800000000,101988000000,103540000000,110498000000,119332000000,132114000000,137962000000,148163000000,164336000000,162312000000,159687000000,165989000000,178249000000,189062000000,199766000000,210372000000,205310000000,193343000000,195474000000,209409000000,213133000000,221108000000,235565000000,246612000000,253122000000,269978000000,292023000000,306617000000,,
Central Europe and the Baltics,CEB,Tax revenue (current LCU),GC.TAX.TOTL.CN,,,,,,,,,,,,,,,,,,,,,,,,,,,,,,,,,,,,,,,,,,,,,,,,,,,,,,,,,,,,,,
Switzerland,CHE,Tax revenue (current LCU),GC.TAX.TOTL.CN,,,,,,,,,,,,,9561000000,10144000000,11269000000,11316000000,13155000000,12973000000,13819000000,13623000000,14976000000,16111000000,17753000000,18373000000,20042000000,20921000000,23780000000,23669000000,26300000000,26639000000,29365043335.32,29926189703.65,31172614995.34,29524347671.09,32380653003.54,33025548639.47,35050514482.27,35611942798.05,40748431531.42,39908965814.13,47306525397.3,43385291177.29,43173408124.49,43775251608.62,45306342743.11,47533454377.95,50909370267.37,53404243839.14,58904139834.83,56375276603.81,58482455150.16,59263261758.07,59016345129.41,60592257598.17,60487001632.59,63835885706.55,63748945426.69,68877776312.03,68759903886.62,71086257844.7,,
Channel Islands,CHI,Tax revenue (current LCU),GC.TAX.TOTL.CN,,,,,,,,,,,,,,,,,,,,,,,,,,,,,,,,,,,,,,,,,,,,,,,,,,,,,,,,,,,,,,
Chile,CHL,Tax revenue (current LCU),GC.TAX.TOTL.CN,,,,,,,,,,,,,40000000,210000000,1570000000,7710000000,24830000000,56410000000,94570000000,145750000000,215690000000,270800000000,254690000000,302220000000,387030000000,516320000000,655290000000,820760000000,917080000000,1112160000000,1343570000000,2012020000000,2623670000000,3250630000000,3742720000000,4400600000000,5202630000000,5672830000000,5952340000000,5805790000000,6784970000000,7226000000000,7784020000000,8341290000000,9918710000000,12407000000000,15999000000000,18373626000000,17561849000000,14041851940717.1,19354008065286.3,23009117413559.8,24683324666099.8,23972500000000,25217559427610.4,27832106075509.1,29481443276150,31390500000000,34847537442939.2,34960329067100,,
China,CHN,Tax revenue (current LCU),GC.TAX.TOTL.CN,,,,,,,,,,,,,,,,,,,,,,,,,,,,,,,,,,,,,,,,,,,,,,1605181360000,1987510000000,2639181770000,3224826000000,3593023373100,4208581872828.96,5032027000000,5524090000000,5874921110000,6228801980000,6459368710000,6809299102503.66,7837210897813.29,8321963160400,,,
Cote d'Ivoire,CIV,Tax revenue (current LCU),GC.TAX.TOTL.CN,,,,,,,,,,,,,,,,,,,,,,,,,,,,,,,529400000000,,,,,1033300000000,,,,,,1174100000000,1259325700000,1190100000000,1241400000000,1251200000000,1364340000000,1468200000000,1633010000000,1673560000000,1765580000000,1309250000000,1968230000000,2246230000000,2439937727984.7,3027100000760.56,3287603481816.87,3584711051939.13,3792159618169.73,4127136003134.63,,
Cameroon,CMR,Tax revenue (current LCU),GC.TAX.TOTL.CN,,,,,,,,,,,,,,,,,,,,,,,,,,,,,,,327480000000,297450000000,311660000000,300130000000,291540000000,389580000000,,,646180000000,690990000000,,,,,,,,,,,,,1746568600000,1919418000000,2207200000000,2306300000000,2334900000000,2489300000000,2741432977243,,,
"Congo, Dem. Rep.",COD,Tax revenue (current LCU),GC.TAX.TOTL.CN,,,,,,,,,,,,,0.000966666666666667,0.00124,0.00168333333333334,0.00137333333333333,0.00155666666666666,0.00219333333333333,0.00235,0.00626666666666666,0.0109,0.0135633333333333,0.0182666666666666,0.03333,0.0786733333333334,0.120783333333333,0.140063333333334,0.250983333333333,0.514913333333334,1.22761333333333,,,,,,,,,,,,,,,,,,,,,,,,,,,,,,,,
"Congo, Rep.",COG,Tax revenue (current LCU),GC.TAX.TOTL.CN,,,,,,,,,,,,,,,,,,,,,,,,,,,,,,,,,,,,,,,,,,185800000000,171400000000,175700000000,191886251431,199440803512,223300000000,253381000000,306379000000,376062000000,449088000000,598652812083,657460585915,764964016875,847700371358,896537700000,836508500000,732441543102,588473766163,,,
Colombia,COL,Tax revenue (current LCU),GC.TAX.TOTL.CN,,,,,,,,,,,,,,,,,,,,,,,,,,,,,,,,,,,,,,,19307651497356.8,20426296414699.9,23396665600200.1,,,30662852022347.3,,,,,62102187000000,63575645000000,66060664000000,90228057000000,88158819000000,100130937000000,119773851322450,127119308804304,124256879949728,136697476709950,146104670185923,159925172146355,,
Comoros,COM,Tax revenue (current LCU),GC.TAX.TOTL.CN,,,,,,,,,,,,,,,,,,,,,,,,,,,,,,,,,,,,,,,,,,,,,,,,,,,,,,,,,,,,,,
Cabo Verde,CPV,Tax revenue (current LCU),GC.TAX.TOTL.CN,,,,,,,,,,,,,,,,,,,,,,,,,,,,,,,,,,,,,,,,,,,,,,18165293152,22149540184,25500757750,28668926543,25029799147,25560543506,29186802493,26885793476,27423147535,26335554114,29800655842,30841813792.74,34769646881,,,,
Costa Rica,CRI,Tax revenue (current LCU),GC.TAX.TOTL.CN,,,,,,,,,,,,,940000000,1270000000,1800000000,2090000000,2520000000,3240000000,3820000000,4110000000,4810000000,7070000000,12340000000,19680000000,23990000000,26270000000,32690000000,41070000000,51420000000,58370000000,68270000000,93270000000,137960000000,163970000000,190750000000,254680000000,306680000000,370090000000,451330000000,534850000000,594100000000,702000000000,797460000000,935400000000,1088771000000,1305865000000,1607476702016.96,2063423000696.87,2469033676722.48,2323667745953.51,2564863750481.15,2856248518511.73,3112883750099.21,3416320000000,3652938105452.29,3998984381185.43,4331078405677.19,4548507895576.23,4747513768624.66,5059750255712.02,,
Caribbean small states,CSS,Tax revenue (current LCU),GC.TAX.TOTL.CN,,,,,,,,,,,,,,,,,,,,,,,,,,,,,,,,,,,,,,,,,,,,,,,,,,,,,,,,,,,,,,
Cuba,CUB,Tax revenue (current LCU),GC.TAX.TOTL.CN,,,,,,,,,,,,,,,,,,,,,,,,,,,,,,,,,,,,,,,,,,,,,,,,,,,,,,,,,,,,,,
Curacao,CUW,Tax revenue (current LCU),GC.TAX.TOTL.CN,,,,,,,,,,,,,,,,,,,,,,,,,,,,,,,,,,,,,,,,,,,,,,,,,,,,,,,,,,,,,,
Cayman Islands,CYM,Tax revenue (current LCU),GC.TAX.TOTL.CN,,,,,,,,,,,,,,,,,,,,,,,,,,,,,,,,,,,,,,,,,,,,,,,,,,,,,,,,,,,,,,
Cyprus,CYP,Tax revenue (current LCU),GC.TAX.TOTL.CN,,,,,,,,,,,,,60330716.8949928,75537269.7232407,62056404.3507827,58792975.5977542,69147100.3324938,95647508.6882383,117517607.137853,152800226.902271,192098060.053923,206450312.161483,249387466.383267,299210284.413796,368630760.97691,419290793.713714,456828767.380748,496741697.051296,592918872.186361,707873577.16215,1345192949.23699,1325867058.21516,1636511780.81831,1860073221.06781,2217135113.94998,2418525340.26798,2432535872.08726,2448938445.92447,2835253231.81963,3133745903.62804,3764732415.92827,4154122684.4179,4349074108.87892,4831754016.06769,5168006779.73052,5867508209.82993,6646288746.80919,8504221954.16164,8753165184.17015,4341900000,4486600000,4597100000,4549200000,4243300000,4321000000,4315100000,4471300000,4841000000,5212049000,5394900000,,
Czech Republic,CZE,Tax revenue (current LCU),GC.TAX.TOTL.CN,,,,,,,,,,,,,,,,,,,,,,,,,,,,,,,,,,223364000000,229361000000,259211000000,279804000000,297322000000,309848000000,335020000000,345415000000,380201000000,391937000000,423117000000,474397000000,475909000000,502170000000,563943000000,552784000000,536610000000,545057000000,589860000000,610424000000,624784000000,627079000000,683148000000,715347000000,766894000000,802600000000,850699000000,,
Germany,DEU,Tax revenue (current LCU),GC.TAX.TOTL.CN,,,,,,,,,,,,,52709080032.5182,59442794107.8724,61718042979.1955,61994140595.0415,68052949387.2167,74796889300.1948,79797323898.2938,85728309720.17,90815663938.0723,93019331946.028,94369142512.386,98101573245.1184,107524682615.565,112433084675.048,115444593855.294,120312092564.282,123507666821.759,137854517008.124,143903099962.676,184424000000,200058000000,200660000000,213652000000,217428000000,209466000000,210419000000,218262000000,237016000000,246869000000,238147000000,238173000000,243240000000,235897000000,243861000000,258820000000,283300000000,292141000000,284070000000,286964000000,309258000000,319087000000,326440000000,336144000000,347367000000,354104000000,373025000000,385572000000,396135000000,,
Djibouti,DJI,Tax revenue (current LCU),GC.TAX.TOTL.CN,,,,,,,,,,,,,,,,,,,,,,,,,,,,,,,,,,,,,,,,,,,,,,,,,,,,,,,,,,,,,,
Dominica,DMA,Tax revenue (current LCU),GC.TAX.TOTL.CN,,,,,,,,,,,,,,,,,,,,,,,,,,,,,,,,,,,,,,,,,,,,,,,,,,,,,,,,,,,,,,
Denmark,DNK,Tax revenue (current LCU),GC.TAX.TOTL.CN,,,,,,,,,,,,,46832000000,53767000000,60605000000,62140000000,71369000000,80905000000,93657000000,105889000000,114351000000,123629000000,136413000000,154214000000,177581000000,202525000000,233344000000,241156000000,252378000000,257997000000,254311000000,259412000000,272160000000,286414000000,313484000000,328159000000,346860000000,363862000000,380069000000,396375000000,419226000000,413751000000,424734000000,433048000000,471261000000,524513000000,535973000000,610213000000,602079000000,571473000000,592847000000,604909000000,633810000000,652612000000,723131000000,690765000000,701796000000,732446000000,725068000000,794735000000,,
Dominican Republic,DOM,Tax revenue (current LCU),GC.TAX.TOTL.CN,,,,,,,,,,,,,275300000,315100000,421900000,578800000,524100000,575100000,537400000,606600000,696900000,734400000,659600000,779800000,1046100000,1521700000,2006000000,2519200000,3843800000,5250200000,6209500000,9378599999.99999,15769300000,18239000000,19463900000,22642700000,24335100000,31986000000,36426900000,40412500000,47843000000,57177457517.1,63100647726.25,73831265378.2799,117202925695.999,148412041891.767,176529854778.6,217103796768.383,235306109249.573,219364575128,242097384478.3,271803832694.77,310814000000,353761534459.81,391642609308.78,410703662189.64,450239752181.812,495514607348.64,551716287612.13,606904031108.98,,
Algeria,DZA,Tax revenue (current LCU),GC.TAX.TOTL.CN,,,,,,,,,,,,,,,,,,,,,,,,,,,,,,,,,,,,,,,,,,,,,,,,,,,,,,,,,,,,,,
East Asia & Pacific (excluding high income),EAP,Tax revenue (current LCU),GC.TAX.TOTL.CN,,,,,,,,,,,,,,,,,,,,,,,,,,,,,,,,,,,,,,,,,,,,,,,,,,,,,,,,,,,,,,
Early-demographic dividend,EAR,Tax revenue (current LCU),GC.TAX.TOTL.CN,,,,,,,,,,,,,,,,,,,,,,,,,,,,,,,,,,,,,,,,,,,,,,,,,,,,,,,,,,,,,,
East Asia & Pacific,EAS,Tax revenue (current LCU),GC.TAX.TOTL.CN,,,,,,,,,,,,,,,,,,,,,,,,,,,,,,,,,,,,,,,,,,,,,,,,,,,,,,,,,,,,,,
Europe & Central Asia (excluding high income),ECA,Tax revenue (current LCU),GC.TAX.TOTL.CN,,,,,,,,,,,,,,,,,,,,,,,,,,,,,,,,,,,,,,,,,,,,,,,,,,,,,,,,,,,,,,
Europe & Central Asia,ECS,Tax revenue (current LCU),GC.TAX.TOTL.CN,,,,,,,,,,,,,,,,,,,,,,,,,,,,,,,,,,,,,,,,,,,,,,,,,,,,,,,,,,,,,,
Ecuador,ECU,Tax revenue (current LCU),GC.TAX.TOTL.CN,,,,,,,,,,,,,,,,,,,,,,,,,,,,,,,,,,,,,,,,,,,,,,,,,,,,,,,,,,,,,,
"Egypt, Arab Rep.",EGY,Tax revenue (current LCU),GC.TAX.TOTL.CN,,,,,,,,,,,,,,,,1089000000,1162000000,2095000000,2254000000,2685000000,,4299000000,4872000000,5608000000,5829000000,6436000000,7197000000,7504000000,8839000000,10656000000,12679000000,16580000000,25706000000,29122000000,33333000000,35951000000,40060000000,42450000000,,,,,50802000000,55736000000,67146000000,75759600000,97778900000,114325700000,137195300000,163222700000,170493500000,192072400000,207410000000,251118000000,260289000000,305957000000,,,,,,
Euro area,EMU,Tax revenue (current LCU),GC.TAX.TOTL.CN,,,,,,,,,,,,,,,,,,,,,,,,,,,,,,,,,,,,,,,,,,,,,,,,,,,,,,,,,,,,,,
Eritrea,ERI,Tax revenue (current LCU),GC.TAX.TOTL.CN,,,,,,,,,,,,,,,,,,,,,,,,,,,,,,,,,,,,,,,,,,,,,,,,,,,,,,,,,,,,,,
Spain,ESP,Tax revenue (current LCU),GC.TAX.TOTL.CN,,,,,,,,,,,,,2046446215.42678,2566922697.82313,2893873282.60791,3469642878.60758,4299039582.6572,5381462382.65239,7030038584.9771,8371497601.9617,9699133340.54548,11217890928.3233,11942110514.1058,15676799730.7466,17609053646.3404,23253759330.7129,30524803769.5479,36819203538.7593,40547882634.3563,49364129193.562,51640763044.9677,56866563292.5847,62195737622.1557,59770653780.9671,64529467623.4779,,,,,,,,,,,,,,,,,,,,,,,159435000000,171258000000,171277000000,,
Estonia,EST,Tax revenue (current LCU),GC.TAX.TOTL.CN,,,,,,,,,,,,,,,,,,,,,,,,,,,,,,,,1274426.0314422,6956650.55817053,14953265.4355884,26996999.902599,653570000,804040000,1004560000,1127570000,1131370000,1214960000,1342990000,1535910000,1733950000,1978240000,2166600000,2708260000,3316840000,3207630000,3041320000,2922270000,3209350000,3574750000,3813780000,4159480000,4470960000,4735540000,4991190000,5435180000,5911910000,,
Ethiopia,ETH,Tax revenue (current LCU),GC.TAX.TOTL.CN,,,,,,,,,,,,,,,,,,,,,,,,,,,,,,,2177300000,2076500000,1647000000,2230100000,3076400000,4039800000,4835100000,5873400000,6059600000,6295800000,,5541400000,6512103522,6746100000,8453800000,9360400000,10960800000,13539800000,19551500000,22242100000,31500800000,47435430000,70081250180.649,75983252160.32,93478489617.31,108397150429.8,126813032015.7,139363750354.11,165447348414.31,179250871232.26,,
European Union,EUU,Tax revenue (current LCU),GC.TAX.TOTL.CN,,,,,,,,,,,,,,,,,,,,,,,,,,,,,,,,,,,,,,,,,,,,,,,,,,,,,,,,,,,,,,
Fragile and conflict affected situations,FCS,Tax revenue (current LCU),GC.TAX.TOTL.CN,,,,,,,,,,,,,,,,,,,,,,,,,,,,,,,,,,,,,,,,,,,,,,,,,,,,,,,,,,,,,,
Finland,FIN,Tax revenue (current LCU),GC.TAX.TOTL.CN,,,,,,,,,,,,,2237908549.49687,2753740919.95432,3366954099.83299,4040714933.2378,5113081152.3564,5498736067.73264,5628745334.88739,6171824149.43161,7222157750.18375,8575565994.41952,9486135428.28214,10666646484.1155,12155950572.9322,13674687548.8796,15030282236.1594,15348493793.0246,18558696745.3954,21170655243.3427,22210897568.5071,21237594038.0744,21097157119.479,19215134222.3747,20970847986.7064,20402000000,22367000000,25060000000,27359000000,28413000000,33074000000,31659000000,33361000000,33473000000,34629000000,35890000000,37035000000,39407000000,39807000000,34319000000,34997000000,39635000000,40480000000,42179000000,42686000000,43272000000,45273000000,46921000000,48617000000,49579000000,,
Fiji,FJI,Tax revenue (current LCU),GC.TAX.TOTL.CN,,,,,,,,,,,,,,,,,,,,,,,,,,,,,,,450590000,446620000,497320000,539870000,574450000,615310000,633520000,,,,,,,,1048871000,1085415000,1245483074,,,,1314686885.39889,1551140779.88,1627548913.63,1811318682.77,2075760457.6,2319560654.76,2430490894.65,2729717149.55,2795358980.1,2692670443.55,,
France,FRA,Tax revenue (current LCU),GC.TAX.TOTL.CN,,,,,,,,,,,,,29224476604.4116,32029538521.5799,39514785267.9368,41801520526.4979,51360073907.2836,55964034227.8533,63647464696.6188,74989671579.0822,87155103154.6275,98771718268.1182,114855089586.665,126486949601.879,138347483142.95,148896955135.779,160147692607.9,170089350369.003,177756468792.924,188515710633.471,197373913229.068,206531220796.485,208855153615.252,209968031441.085,225167198459.655,237115000000,255285000000,272787000000,311301000000,331084000000,345869000000,359546000000,358329000000,360654000000,377661000000,393717000000,417272000000,429468000000,438428000000,400867000000,438019000000,449064000000,470623000000,491419000000,497916000000,509986000000,515298000000,542823000000,571183000000,598500000000,,
Faroe Islands,FRO,Tax revenue (current LCU),GC.TAX.TOTL.CN,,,,,,,,,,,,,,,,,,,,,,,,,,,,,,,,,,,,,,,,,,,,,,,,,,,,,,,,,,,,,,
"Micronesia, Fed. Sts.",FSM,Tax revenue (current LCU),GC.TAX.TOTL.CN,,,,,,,,,,,,,,,,,,,,,,,,,,,,,,,,,,,,,,,,,,,,,,,,,11283705,12321356,13840968,15453239,16008357,17340657,40049592,17148194,19947513,38162243,101271963,78460064,,
Gabon,GAB,Tax revenue (current LCU),GC.TAX.TOTL.CN,,,,,,,,,,,,,,,,,,,,,,,,,,,,,,,,,,,,,,,,,,,,,,,,,,,,,1232614351323.02,1395598205439.75,1357709645109.15,1090999947263.05,953069044175,960945841974.31,957064314007,1134969477869,,
United Kingdom,GBR,Tax revenue (current LCU),GC.TAX.TOTL.CN,,,,,,,,,,,,,15665000000,16561000000,20940000000,26516000000,30810000000,35179000000,38806000000,45405000000,58042000000,66301000000,76257000000,79615000000,85965000000,95822000000,100529000000,105596000000,117637000000,128951000000,148693000000,161001000000,163205000000,162645000000,177335000000,197897000000,209890000000,225764000000,249362000000,265337000000,286704000000,292457000000,296600000000,308677000000,332249000000,356159000000,378807000000,400891000000,421113000000,374005000000,406238000000,428949000000,429294000000,446797000000,463464000000,479974000000,506975000000,530781000000,548734000000,561718000000,,
Georgia,GEO,Tax revenue (current LCU),GC.TAX.TOTL.CN,,,,,,,,,,,,,,,,,,,,,,,,,,,,,,,,,,,,131700000,304700000,483900000,503000000,634400000,689000000,787844000,866500000,935400000,1483700000,1922400000,2560800000,3561100000,4620800000,4228400000,4675800000,5914400000,6441000000,6428600000,6995700000,7720700000,8422700000,9513800000,10004000000,11385900000,10545700000,
Ghana,GHA,Tax revenue (current LCU),GC.TAX.TOTL.CN,,,,,,,,,,,,,,,,,,,,,,,,,,,,,,,21967700,31945300,30183200,50915200,,,,,,,,654546800,854748400,1222441216,1737730248,2073746956,2395621821,3213370743,4193608293,4615857209,6164294730,8892168867,11574601668.1401,13284043685.0997,17004655173.2469,32944748220.4068,24283493247.3789,30424202730,37784185990,42927855572.019,,
Gibraltar,GIB,Tax revenue (current LCU),GC.TAX.TOTL.CN,,,,,,,,,,,,,,,,,,,,,,,,,,,,,,,,,,,,,,,,,,,,,,,,,,,,,,,,,,,,,,
Guinea,GIN,Tax revenue (current LCU),GC.TAX.TOTL.CN,,,,,,,,,,,,,,,,,,,,,,,,,,,,,,164179000000,213118000000,244238000000,321213000000,,,,,,,,,,,,,,,,,,,,,,,,,,,,,
"Gambia, The",GMB,Tax revenue (current LCU),GC.TAX.TOTL.CN,,,,,,,,,,,,,,,,,,,,,,,,,,,,,,,454810000,,,,,,,,,,,,,,,,,,,,,,,,,,,,,,,
Guinea-Bissau,GNB,Tax revenue (current LCU),GC.TAX.TOTL.CN,,,,,,,,,,,,,,,,,,,,,,,,,,,,,,,,,,,,,,,,,,,,,,,,,,,,,,,,,,80929917589,,79812597212.04,,
Equatorial Guinea,GNQ,Tax revenue (current LCU),GC.TAX.TOTL.CN,,,,,,,,,,,,,,,,,,,,,,,,,,,,,,,,,,,,,,,,,,,,,,,509951000000,472788000000,688634000000,905659000000,612377000000,706112534772.481,999280310461.723,923216703994.587,891870587484.792,893100606380.635,425288744607,423786513817,448768937851,619357916038,,
Greece,GRC,Tax revenue (current LCU),GC.TAX.TOTL.CN,,,,,,,,,,,,,191724137.931034,242435803.374908,281907556.859868,340983125.458547,470873074.101247,546118855.465884,681790168.745415,822949376.375642,979046221.570066,1048862802.64123,1598796771.82685,1992223037.41746,2219163609.68452,2677035950.11005,3611357300.07337,4267204695.52458,4793132795.30448,4905267791.6361,6886074834.92296,,,,,17292000000,19202000000,22394000000,25714000000,28675000000,31739000000,31866000000,34763000000,35258000000,37067000000,40499000000,43527000000,47104000000,48915000000,46974000000,45690000000,45699000000,45717000000,43394000000,44078000000,43883000000,46537000000,46806000000,48383000000,48000000000,,
Grenada,GRD,Tax revenue (current LCU),GC.TAX.TOTL.CN,,,,,,,,,,,,,,,,,,,,,,,,,,,,,,,,,,,,,,,,,,,,,,,,,,,,,,,,,,,,,,
Greenland,GRL,Tax revenue (current LCU),GC.TAX.TOTL.CN,,,,,,,,,,,,,,,,,,,,,,,,,,,,,,,,,,,,,,,,,,,,,,,,,,,,,,,,,,,,,,
Guatemala,GTM,Tax revenue (current LCU),GC.TAX.TOTL.CN,,,,,,,,,,,,,,,,,,,,,,,,,,,,,,,2355930000,3465220000,4488320000,5023710000,5051540000,6569610000,8144000000,9382469999.99999,11623310000,13863060000,15071600000,15966240000,19306700000,20317660000,22001040000,23276840000,27251600000,31566600000,33356000000,31829943218.19,34759290440.04,40209543216.52,42772028390.63,46228088905,48212008084.8,49307641329.25,52316182381.75,55997085488.06,58229707074.69,61983304662.31,,
Guam,GUM,Tax revenue (current LCU),GC.TAX.TOTL.CN,,,,,,,,,,,,,,,,,,,,,,,,,,,,,,,,,,,,,,,,,,,,,,,,,,,,,,,,,,,,,,
Guyana,GUY,Tax revenue (current LCU),GC.TAX.TOTL.CN,,,,,,,,,,,,,,,,,,,,,,,,,,,,,,,,,,,,,,,,,,,,,,,,,,,,,,,,,,,,,,
High income,HIC,Tax revenue (current LCU),GC.TAX.TOTL.CN,,,,,,,,,,,,,,,,,,,,,,,,,,,,,,,,,,,,,,,,,,,,,,,,,,,,,,,,,,,,,,
"Hong Kong SAR, China",HKG,Tax revenue (current LCU),GC.TAX.TOTL.CN,,,,,,,,,,,,,,,,,,,,,,,,,,,,,,,,,,,,,,,,,,,,,,,,,,,,,,,,,,,,,,
Honduras,HND,Tax revenue (current LCU),GC.TAX.TOTL.CN,,,,,,,,,,,,,171400000,197600000,230100000,249200000,314400000,437200000,489400000,576800000,699500000,699100000,,,,,,,,,,,,,,,,,,,,,,19632400000,23411900000,26707600000,31434900000,38269987000,42329200000,39034950000,43172300000,49543840000,53289770000,56719040704,68591319941.15,79854851282.125,,,,,,
Heavily indebted poor countries (HIPC),HPC,Tax revenue (current LCU),GC.TAX.TOTL.CN,,,,,,,,,,,,,,,,,,,,,,,,,,,,,,,,,,,,,,,,,,,,,,,,,,,,,,,,,,,,,,
Croatia,HRV,Tax revenue (current LCU),GC.TAX.TOTL.CN,,,,,,,,,,,,,,,,,,,,,,,,,,,,,,,,65690000,534139999.999999,8404690000,23497210000,26797831000,29097949000,31925793000,38527078000,38108099000,40029516000,41237079000,46154970000,49553335000,51528379000,55522747000,61524489000,66891168000,71217376000,65052107000,65045914000,64086785000,65314533000,67299425000,66073485000,70804870000,74971208000,79011607000,84145203000,89502377000,,
Haiti,HTI,Tax revenue (current LCU),GC.TAX.TOTL.CN,,,,,,,,,,,,,,,,,,,,,,,,,,,,,,,,,,,,,,,,,,,,,,,,,,,,,,,,,,,,,,
Hungary,HUN,Tax revenue (current LCU),GC.TAX.TOTL.CN,,,,,,,,,,,,,,,,,,,,,,285800000000,300000000000,342500000000,352700000000,321900000000,387600000000,436800000000,503600000000,518200000000,610900000000,663600000000,736500000000,922600000000,1097900000000,1352150000000,1632153000000,1849490000000,2168476000000,2537237000000,2981718000000,3295269000000,3642465000000,3952569000000,4298572000000,4496273000000,4822753000000,5504166000000,6338123000000,6177820000000,6208230000000,6004868000000,6630891000000,6940869000000,7551126000000,8124212000000,8351957000000,8986574000000,9776995000000,10683335000000,,
IBRD only,IBD,Tax revenue (current LCU),GC.TAX.TOTL.CN,,,,,,,,,,,,,,,,,,,,,,,,,,,,,,,,,,,,,,,,,,,,,,,,,,,,,,,,,,,,,,
IDA & IBRD total,IBT,Tax revenue (current LCU),GC.TAX.TOTL.CN,,,,,,,,,,,,,,,,,,,,,,,,,,,,,,,,,,,,,,,,,,,,,,,,,,,,,,,,,,,,,,
IDA total,IDA,Tax revenue (current LCU),GC.TAX.TOTL.CN,,,,,,,,,,,,,,,,,,,,,,,,,,,,,,,,,,,,,,,,,,,,,,,,,,,,,,,,,,,,,,
IDA blend,IDB,Tax revenue (current LCU),GC.TAX.TOTL.CN,,,,,,,,,,,,,,,,,,,,,,,,,,,,,,,,,,,,,,,,,,,,,,,,,,,,,,,,,,,,,,
Indonesia,IDN,Tax revenue (current LCU),GC.TAX.TOTL.CN,,,,,,,,,,,,,568000000000,933000000000,1710000000000,2093000000000,2767000000000,3369000000000,4070000000000,6496000000000,9898000000000,11857000000000,11960000000000,13872000000000,15221000000000,17761000000000,14993000000000,18827000000000,21435000000000,26678000000000,37431600000000,39098000000000,44499900000000,47344000000000,60958000000000,68017000000000,75810000000000,100505700000000,143626700000000,179430400000000,,190614200000000,215467500000000,249404313253852,283093000000000,,,,658701000000000,619922000000000,723307000000000,873874000000000,980518000000000,1.07731e+15,1.14528292843431e+15,1.2394827888085e+15,1.28188590299996e+15,1.34230691350164e+15,1.5180259613568e+15,1.54399468337968e+15,,
IDA only,IDX,Tax revenue (current LCU),GC.TAX.TOTL.CN,,,,,,,,,,,,,,,,,,,,,,,,,,,,,,,,,,,,,,,,,,,,,,,,,,,,,,,,,,,,,,
Isle of Man,IMN,Tax revenue (current LCU),GC.TAX.TOTL.CN,,,,,,,,,,,,,,,,,,,,,,,,,,,,,,,,,,,,,,,,,,,,,,,,,,,,,,,,,,,,,,
India,IND,Tax revenue (current LCU),GC.TAX.TOTL.CN,,,,,,,,,,,,,,,64940000000,76900000000,84300000000,89430000000,104810000000,119720000000,132740000000,159190000000,179130000000,208610000000,234700000000,286680000000,331970000000,376640000000,444680000000,516380000000,575740000000,673580000000,746370000000,747680000000,922940000000,1112370000000,1287620000000,1392090000000,1437890000000,1717520000000,1885270000000,1870590000000,2162660000000,2543460000000,3049580000000,3661520000000,4735120000000,5931470000000,6052980000000,6245270000000,7930720000000,8891300000000,10776100000000,12358700000000,12448826200000,14556470000000,17158230000000,19461190000000,22712540000000,,,
Not classified,INX,Tax revenue (current LCU),GC.TAX.TOTL.CN,,,,,,,,,,,,,,,,,,,,,,,,,,,,,,,,,,,,,,,,,,,,,,,,,,,,,,,,,,,,,,
Ireland,IRL,Tax revenue (current LCU),GC.TAX.TOTL.CN,,,,,,,,,,,,,702165157.371337,859612679.096556,943415392.272882,1159270865.60584,1580823907.64433,1844929427.9576,2144587614.46689,2496305062.19177,3255608433.09242,4127918492.97327,5068794409.08929,5842064898.85266,6622953817.08661,6948006765.16448,7411461163.79113,7954909061.35882,9051962761.12164,9079896998.84708,9599219872.92461,10066483485.7866,10822104616.2598,11647307393.4309,13115886454.9421,14525626000,16366777000,18650464000,21309604000,24729659000,28588444000,29555638000,31982415000,35172444000,39173937000,43355232000,49592341000,51114221000,44593841000,37400077000,36558258000,37530583000,39458890000,41112458000,45104674000,49361129000,51459524000,54334851000,59112528000,63210201000,,
"Iran, Islamic Rep.",IRN,Tax revenue (current LCU),GC.TAX.TOTL.CN,,,,,,,,,,,,,107400000000,140800000000,169300000000,289200000000,363000000000,467400000000,487600000000,381800000000,349200000000,561300000000,630000000000,823000000000,960000000000,1158700000000,1085900000000,1166200000000,1190200000000,1462300000000,2116700000000,3314200000000,4944900000000,4097000000000,6108000000000,12278000000000,21489000000000,32164000000000,30562000000000,39555140000000,36812959000000,42429817000000,51123100000000,65439369167510.4,85049111317289.9,135143004832615,151848968542194,192814785001612,240953673984961,302247000000000,,,,,,,,,,,,
Iraq,IRQ,Tax revenue (current LCU),GC.TAX.TOTL.CN,,,,,,,,,,,,,,,,,,,,,,,,,,,,,,,,,,,,,,,,,,,,,,,,,,,,,,,2436340000000,2572117502134.57,4091700126914.56,5956224572649.95,5335369722461.44,3713201063639.69,,
Iceland,ISL,Tax revenue (current LCU),GC.TAX.TOTL.CN,,,,,,,,,,,,,169100000,238000000,360000000,494800000,662100000,911300000,1440200000,2203200000,3441100000,5690700000,9090000000,14136700000,19014600000,24901600000,33296400000,44183500000,58591000000,75851000000,88628600000,93175900000,94376600000,94615800000,99458200000,103750500000,115793500000,118062300000,144548577000,168019923000,178139431000,182630798493,192973373389,207584725121,240337700449,289164828965,329682533944,360031625241,362399154867.24,324197224136,339999735604.84,363277216039,396770367099,426670233730,510990360271.05,524318517281.82,944855405640.93,632041581160,653517168987.611,663684638890,,
Israel,ISR,Tax revenue (current LCU),GC.TAX.TOTL.CN,,,,,,,,,,,,,900000,1100000,2000000,2800000,4100000,6100000,9500000,20300000,44200000,100200000,263600000,680600000,3198800000,11396400000,17339000000,20550600000,23797400000,26644200000,31935100000,30971000000,49552000000,58082000000,71458000000,81729000000,92460000000,105344000000,113205000000,123956000000,146351301000,146675690000,147559450000,144337484112.974,150833565956.374,162094701982.241,178964500000,191290129249.661,184218867857.143,178291800000,196825983747.162,212908130000,219584896000,242493671000,257020813000,272015788000,285226632000,312543493250,306944842750,317184919000,,
Italy,ITA,Tax revenue (current LCU),GC.TAX.TOTL.CN,,,,,,,,,,,,,,6631823041.2081,9048324872.0478,9761551849.69038,13595727868.5307,17501691396.3445,21572404674.9679,26656406389.6048,36662758809.4636,44970484488.217,57864347430.8852,73425710257.3505,83265763555.7025,90952708041.7504,109337024278.639,115917718086.837,139288942141.334,157587526532.973,176724836928.734,198084461361.277,214253693957.971,227407334720.881,229717446430.508,240766000000,254049000000,281562000000,280664000000,293706000000,295601000000,305243000000,309093000000,317482000000,322645000000,327992000000,362208000000,383740000000,384695000000,374487000000,381561000000,389891000000,405226000000,405428000000,404265000000,409527000000,425139000000,428655000000,429328000000,441405000000,,
Jamaica,JAM,Tax revenue (current LCU),GC.TAX.TOTL.CN,,,,,,,,,,,,,,,,,,,,,,,,,,,,,4933241002.6,6198180002.6,7748317697.6,11483794002.6,19050257002.6,28947756540.924,38070747362.39,50260913608.238,55191306961.19,59224317032.87,66970327084.58,75962113161.829,87074364261.39,90568169649,102858665411,131069547000,150481580400,162575886000,188353505500,219517586864.44,246216623790.62,265860193106,279874150811.07,289882184760.95,319764873876.51,343836113186,370877481606,411853980206.82,458323402912.443,496894576517.92,542919439849.981,579397046388.953,,
Jordan,JOR,Tax revenue (current LCU),GC.TAX.TOTL.CN,,,,,,,,,,,,,,,,,,,,,,,,,,,,,,,497180000,530960000,829390000,812470000,871060000,976350000,1065310000,978950000,1016690000,1046380000,1139640000,1188770000,1187700000,1316920000,1698725099,2179200000,2621330000,2995200000,2758100000,2879900000,2985900000,3062200000,3351400000,3652400000,4037200000,4096100000,4254400000,4343300000,4535500000,4680800000,,
Japan,JPN,Tax revenue (current LCU),GC.TAX.TOTL.CN,,,,,,,,,,,,,,,,,,,,,,,,,,,,,,,,63413000000000,57561000000000,57408000000000,,,,,,,,,,,,,,,,,,,,,,,,,,,,
Kazakhstan,KAZ,Tax revenue (current LCU),GC.TAX.TOTL.CN,,,,,,,,,,,,,,,,,,,,,,,,,,,,,,,,,,,,,,113492000000,126438000000,156182000000,265746214000,313431979000,458227074000,603395689000,816458076000,,,,,,3427737031152.2,5156569737827.2,4128772081647.1,5770707717059.7,5631362656584.7,4021245451509.67,4661534446187.4,5602659905062.1,7243889380709.6,8195770871611.1,,
Kenya,KEN,Tax revenue (current LCU),GC.TAX.TOTL.CN,,,,,,,,,,,,,,,,,,,,,,,,,,,,,,,,,,,,,,,,,,,,,,,,,,,,,,,911803698168.35,1021597026814.22,1136563517716.04,1276960140250.66,1341387540000,1545907971656.65,,
Kyrgyz Republic,KGZ,Tax revenue (current LCU),GC.TAX.TOTL.CN,,,,,,,,,,,,,,,,,,,,,,,,,,,,,,,,,,,,,,,,,,,,,,,,,,,,,,,70316400000,72329400000,80734200000,90426400000,102482900000,104405900000,,
Cambodia,KHM,Tax revenue (current LCU),GC.TAX.TOTL.CN,,,,,,,,,,,,,,,,,,,,,,,,,,,,,,,,,,,,,,,,,,,1371458610000,1397151861276,1740206850541,2032848744878,2441336252995,3398033000000,4429845488253,4154019206331,4706228846350,5287415826776,6281727200000,7407589500000,9863730543262,10707143069968,12044830138697,14183089084048,16974373900000,21708032800000,,
Kiribati,KIR,Tax revenue (current LCU),GC.TAX.TOTL.CN,,,,,,,,,,,,,,,,,,,,,,,,,,,,,,,,,,,,,,,,,,,,,,,,,,,,31055816.27,33653731.65,34589225.79,35370862.35,50309732.92,59782608.32,53679919.71,55985969.19,69602938.66,,
St. Kitts and Nevis,KNA,Tax revenue (current LCU),GC.TAX.TOTL.CN,,,,,,,,,,,,,,,,,,,,,,,,,,,,,,,84390000,86850000,94950000,108230000,121500000,,,,,,188000000,194600000,272823000,272537000,290899000,305267961,362774055,402589082,420722586.32,394462716.05,342961413.82,408037963.83,399008160.77,421256040.21,474890000,507470000,498940000,496930000,,,,
"Korea, Rep.",KOR,Tax revenue (current LCU),GC.TAX.TOTL.CN,,,,,,,,,,,,,476000000000,579000000000,915000000000,1393000000000,2093000000000,2630000000000,3661000000000,4778000000000,5825000000000,7278000000000,8419000000000,10077000000000,10920000000000,11897000000000,13634000000000,16376000000000,19526000000000,21282000000000,26913000000000,30397000000000,35333000000000,39397000000000,47261000000000,56774000000000,64961000000000,69928000000000,67797746000000,75658019000000,92934652000000,95792820000000,103967760000000,114664221000000,117795747000000,127465700000000,138044300000000,161459122000000,167305990000000,164541586000000,177718345000000,192381242000000,202733000000000,204571000000000,206949942330742,218164717416848,243394985186625,266062765942891,294910486322993,292515369105908,,
Kuwait,KWT,Tax revenue (current LCU),GC.TAX.TOTL.CN,,,,,,,,,,,,,548000000,597000000,1246000000,,,187000000,324000000,149000000,209000000,261000000,214000000,197000000,201000000,125000000,109000000,79000000,71000000,84000000,82000000,8000000,5000000,79000000,105000000,93000000,91000000,108000000,118000000,,,,,,,,,,,,,,,,,,,,,,,
Latin America & Caribbean (excluding high income),LAC,Tax revenue (current LCU),GC.TAX.TOTL.CN,,,,,,,,,,,,,,,,,,,,,,,,,,,,,,,,,,,,,,,,,,,,,,,,,,,,,,,,,,,,,,
Lao PDR,LAO,Tax revenue (current LCU),GC.TAX.TOTL.CN,,,,,,,,,,,,,,,,,,,,,,,,,,,,,,,,,,,,,,,,,,,,,,,,,,,,,,,,,,,,,,
Lebanon,LBN,Tax revenue (current LCU),GC.TAX.TOTL.CN,,,,,,,,,,,,,,,,,,,,,,,,,,,,,,,,,,,,,,2893686000000,3303463000000,3506720000000,3096700000000,3160400000000,4166400000000,4655300000000,5266000000000,4915563000000,4982636000000,5593171000000,7207144000000,8995346000000,9762080000000,9857540000000,10084700000000,9940770000000,10229934000000,10134939000000,10428668000000,12278571001000,12683924722000,12354454684000,,
Liberia,LBR,Tax revenue (current LCU),GC.TAX.TOTL.CN,,,,,,,,,,,,,,,,,,,,,,,,,,,,,,,,,,,,,,,,,,,,,,,,,,,,,,,,,,,,,,
Libya,LBY,Tax revenue (current LCU),GC.TAX.TOTL.CN,,,,,,,,,,,,,,,,,,,,,,,,,,,,,,,,,,,,,,,,,,,,,,,,,,,,,,,,,,,,,,
St. Lucia,LCA,Tax revenue (current LCU),GC.TAX.TOTL.CN,,,,,,,,,,,,,,,,,,,,,,,,,,,,,,,,,,,,,,,,,429352526,397405403,404946000,431011000,495707481,540828006,603824570,659047468,725324381,724039267,729019264,764294489,740239301,814250921,855503420,913400000,965870000,983420000,,,,
Latin America & Caribbean,LCN,Tax revenue (current LCU),GC.TAX.TOTL.CN,,,,,,,,,,,,,,,,,,,,,,,,,,,,,,,,,,,,,,,,,,,,,,,,,,,,,,,,,,,,,,
Least developed countries: UN classification,LDC,Tax revenue (current LCU),GC.TAX.TOTL.CN,,,,,,,,,,,,,,,,,,,,,,,,,,,,,,,,,,,,,,,,,,,,,,,,,,,,,,,,,,,,,,
Low income,LIC,Tax revenue (current LCU),GC.TAX.TOTL.CN,,,,,,,,,,,,,,,,,,,,,,,,,,,,,,,,,,,,,,,,,,,,,,,,,,,,,,,,,,,,,,
Liechtenstein,LIE,Tax revenue (current LCU),GC.TAX.TOTL.CN,,,,,,,,,,,,,,,,,,,,,,,,,,,,,,,,,,,,,,,,,,,,,,,,,,,,,,,,,,,,,,
Sri Lanka,LKA,Tax revenue (current LCU),GC.TAX.TOTL.CN,,,,,,,,,,,,,,,,,,,,,,,,,,,,,,,61206000000,68157000000,76353000000,87274000000,99417000000,118543000000,130203000000,142512000000,147368000000,166028000000,182392000000,205839000000,221786000000,231648000000,281552000000,336829000000,428379000000,508947000000,585621000000,618933000000,724746497563.73,812611000000,908911000000,1005890000000,1050362335437.69,1355681555690.58,1463688860658.82,1670178219488.18,1712317912843.34,1734925039070.97,,
Lower middle income,LMC,Tax revenue (current LCU),GC.TAX.TOTL.CN,,,,,,,,,,,,,,,,,,,,,,,,,,,,,,,,,,,,,,,,,,,,,,,,,,,,,,,,,,,,,,
Low & middle income,LMY,Tax revenue (current LCU),GC.TAX.TOTL.CN,,,,,,,,,,,,,,,,,,,,,,,,,,,,,,,,,,,,,,,,,,,,,,,,,,,,,,,,,,,,,,
Lesotho,LSO,Tax revenue (current LCU),GC.TAX.TOTL.CN,,,,,,,,,,,,,,,,,,,,,,,109770000,150610000,190182000,213020000,230946000,261704000,327713000,444347000,,539827716.6,670776964.2,810198443.4,931518286.2,1044780043.4,1096720511.8,1343413275.4,1287333000,1378653176,1412537951.2,1832752308,1978422423.78889,2374900000,2827200000,3057000000,4134619623.79,4659169536.05,5584517992.50195,5898681409.4,4956257324.04088,5657903755.17624,7748860371.74785,8201547116.44929,9624134789.79492,10167204818.1229,9108730224.85576,10144653765.2359,10762813329.93,11240680115.5,,
Late-demographic dividend,LTE,Tax revenue (current LCU),GC.TAX.TOTL.CN,,,,,,,,,,,,,,,,,,,,,,,,,,,,,,,,,,,,,,,,,,,,,,,,,,,,,,,,,,,,,,
Lithuania,LTU,Tax revenue (current LCU),GC.TAX.TOTL.CN,,,,,,,,,,,,,,,,,,,,,,,,,,,,,,,,24601772.4745134,,469560936.0519,718547265.987025,1538570000,1836278000,2537449000,2888935000,2823505000,2710395000,2750997000,2915298000,3174131000,3527694000,4144506000,4927125000,5909398000,6689446000,4583286000,4475594000,4848642000,5188585000,5466594000,5793140000,6234813000,6584675000,7032195000,7629803000,9689487000,,
Luxembourg,LUX,Tax revenue (current LCU),GC.TAX.TOTL.CN,,,,,,,,,,,,,345786677.706192,433615353.53335,542862029.900917,588449649.106716,666213847.828081,768197243.919792,872089420.152256,877419130.934881,974692550.0559,1060339762.86505,1195441733.86647,1459547495.15988,1582676208.91475,1675239651.06507,1788774885.41122,1875983827.42644,2022637636.68229,2215647535.07074,2421671843.50978,2530447522.18027,2744032583.1249,3244306505.46977,3674624875.12364,3729572000,3960751000,4379657000,4641744000,5157543000,5855126000,5966317000,6198108000,6459734000,6777418000,7671822000,8178076000,9175043000,9422489000,9307473000,10096817000,10629671000,11364850000,12051097000,12814953000,12573732000,13350823000,14209492000,16085662000,16667711000,,
Latvia,LVA,Tax revenue (current LCU),GC.TAX.TOTL.CN,,,,,,,,,,,,,,,,,,,,,,,,,,,,,,,,,,,439951963.847673,785200425.723246,873528039.1119,1200641999.76096,1423304363.66327,1421904257.80161,1422812050.01679,1543551260.37985,1678136436.33218,1933941753.31956,2256030130.73346,2929108257.77884,3805154779.99556,4906160181.21695,5072984786.6546,3547498306.78255,3555701162.77084,4071174893.71148,4620747747.59392,4947638317.36871,5207900068.867,5496754429.39995,5959224762.52269,6332896511.68747,6650490037.05158,6518897160.51701,,
"Macao SAR, China",MAC,Tax revenue (current LCU),GC.TAX.TOTL.CN,,,,,,,,,,,,,,,,,,,,,,,,,,,,,,,,,,,,,7491650000,9242900000,7713550000,7426633620,8113405899.8,9037036232,10206455270,13260934778.68,18159528344.2,20438000000,25153000000,37730492221.95,50989542404.14,50514150705.77,77716833149.81,110565526415.12,126998940880.56,149824000000,153863754681.05,104855778909.62,100086576177.33,117420342845.28,131147619281,132376305078.82,,
St. Martin (French part),MAF,Tax revenue (current LCU),GC.TAX.TOTL.CN,,,,,,,,,,,,,,,,,,,,,,,,,,,,,,,,,,,,,,,,,,,,,,,,,,,,,,,,,,,,,,
Morocco,MAR,Tax revenue (current LCU),GC.TAX.TOTL.CN,,,,,,,,,,,,,,,,,,,,,,,,,,,,,,,46459000000,51765000000,59440000000,59602000000,61781000000,61168000000,,72375000000,76953000000,81118000000,,,88781303142.8572,93663657142.8571,100353249137.085,115911342341.991,129507805800.866,154794655067.821,189941263463.203,175566447746.887,179045181725.306,191051338816.739,202674425021.645,200677613621.934,203832119134.199,209559004227.994,217397269387.755,231269130972.018,242467228571.429,246906246842.105,,
Monaco,MCO,Tax revenue (current LCU),GC.TAX.TOTL.CN,,,,,,,,,,,,,,,,,,,,,,,,,,,,,,,,,,,,,,,,,,,,,,,,,,,,,,,,,,,,,,
Moldova,MDA,Tax revenue (current LCU),GC.TAX.TOTL.CN,,,,,,,,,,,,,,,,,,,,,,,,,,,,,,,,,,,,,942700000,1630300000,1649300000,1855300000,2359000000,2318800000,2905500000,4052500000,5239600000,6960100000,8758900000,10988700000,12865000000,10687200000,13079900000,15053300000,16450000000,18491300000,22208000000,23905400000,26125600000,31201500000,34057900000,36417200000,,
Madagascar,MDG,Tax revenue (current LCU),GC.TAX.TOTL.CN,,,,,,,,,,,,,,,,,,,,,,,,,,,,,,,86840000000,67220000000,96820000000,105300000000,140440000000,224160000000,,,,,,,,678473200000,887124400000,1019900000000,1260800000000,1573138000000,2087200000000,1569751000000,1780755000000,2037675000000,2126831000000,2408809000000,2552648000000,2971290000000,3479539074081,4117193802508.57,4718547482562.05,5374959911557.36,,
Maldives,MDV,Tax revenue (current LCU),GC.TAX.TOTL.CN,,,,,,,,,,,,,,,,,,,,7200000,16400000,23300000,42000000,51500000,71500000,90200000,104400000,160000000,200900000,258500000,286800000,366200000,450400000,485200000,536400000,638500000,713100000,864100000,902700000,977300000,1013800000,1046600000,1091700000,1268700000,1647200000,1722800000,2370400000,2905100000,3366800000,2732000000,,,,,,,,,,,,
Middle East & North Africa,MEA,Tax revenue (current LCU),GC.TAX.TOTL.CN,,,,,,,,,,,,,,,,,,,,,,,,,,,,,,,,,,,,,,,,,,,,,,,,,,,,,,,,,,,,,,
Mexico,MEX,Tax revenue (current LCU),GC.TAX.TOTL.CN,,,,,,,,,,,,,43000000,49000000,72000000,101000000,124000000,184000000,251000000,348000000,539000000,682000000,1168000000,2438000000,3903000000,6175000000,9767000000,25921000000,47111000000,66156000000,87062000000,109590000000,130404000000,141510000000,151277000000,196003000000,273058000000,356141000000,392295000000,493975000000,640777000000,,,,,,,,1238320717638.58,1177330663406.69,1351462808789.72,1468376569883.34,1545871623845.41,1675667821570.41,1857813260399.2,2373960110766,2724339160654,2859266290320,3073376367211,3213821500047.44,,
Marshall Islands,MHL,Tax revenue (current LCU),GC.TAX.TOTL.CN,,,,,,,,,,,,,,,,,,,,,,,,,,,,,,,,,,,,,,,,,,,,,,,,,28341435,27823772,28550003,29356650,29609919,30732953,29493558,31886115,35029138,37657928,39419000,41705000,,
Middle income,MIC,Tax revenue (current LCU),GC.TAX.TOTL.CN,,,,,,,,,,,,,,,,,,,,,,,,,,,,,,,,,,,,,,,,,,,,,,,,,,,,,,,,,,,,,,
North Macedonia,MKD,Tax revenue (current LCU),GC.TAX.TOTL.CN,,,,,,,,,,,,,,,,,,,,,,,,,,,,,,,,,,,,,,,,,,,,,,56831664037,60547984389,71127943665.5,76854000000,71023000000,73753000000,78910000000,76617000000,78641090017.5,85662389782,94006186766,100824639165,106073872770,116148887637,118332983880,,
Mali,MLI,Tax revenue (current LCU),GC.TAX.TOTL.CN,,,,,,,,,,,,,,,,,,,,,,,,,,,,,,,,,,,,,,,,,226839336350,268892567000,302920625431.92,349034770783,393671285925,438117827877,480424800000,509700000000,519426000000,624292000000,681895000000,768260000000,825255000000,852429000000,897000000000,1092045380597,1279700000000,1417100000000,1106519000000,1468195198835,,
Malta,MLT,Tax revenue (current LCU),GC.TAX.TOTL.CN,,,,,,,,,,,,,55532261.82157,65362217.5634754,69788027.0207314,80293501.048218,92709061.2625204,112951316.09597,136501281.155369,,198113207.54717,215443745.632425,219380386.675984,209760074.539949,199277894.246448,215932914.046122,225692988.58607,233286745.865362,273911017.936175,307803400.885162,800169333.997256,891488584.632462,991652183.368404,1091978561.51724,1116938071.49478,1445935243.41952,1361504775.21547,1590228278.59306,1549855578.84929,1825380852.55066,2017915210.80829,2203952946.65735,2426109946.42441,2588597717.21407,2693726997.43769,3034644770.55672,3243296063.35896,3619084556.25437,1601518000,1628416000,1725088000,1787109000,1892053000,2044728000,2274699000,2433035000,2659439000,2990542000,3243468000,3466070000,,
Myanmar,MMR,Tax revenue (current LCU),GC.TAX.TOTL.CN,,,,,,,,,,,,,,1106000000,1473000000,1860000000,2415000000,3097000000,3183000000,3608000000,3711000000,4257000000,4602000000,4602000000,4601000000,4622000000,4375000000,4373000000,3426000000,5313000000,9417000000,10480000000,12563000000,17036000000,20101000000,22644000000,31357000000,49429000000,56653000000,60294000000,75727000000,80094000000,112564000000,170569000000,297104000000,476945000000,,,,,,,2319016951000,3207792069000,3808567913000,4367225513000,5718468752000,5442496330000,2763706732000,6777882042000,,
Middle East & North Africa (excluding high income),MNA,Tax revenue (current LCU),GC.TAX.TOTL.CN,,,,,,,,,,,,,,,,,,,,,,,,,,,,,,,,,,,,,,,,,,,,,,,,,,,,,,,,,,,,,,
Montenegro,MNE,Tax revenue (current LCU),GC.TAX.TOTL.CN,,,,,,,,,,,,,,,,,,,,,,,,,,,,,,,,,,,,,,,,,,,,,,,,,,,,,,,,,,,,,,
Mongolia,MNG,Tax revenue (current LCU),GC.TAX.TOTL.CN,,,,,,,,,,,,,,,,,,,,,,,,,,,,,,,,,6220000000,39883000000,43270000000,63673000000,70865000000,98633000000,79028000000,105955000000,170269000000,204078000000,207304765266.774,329941685940,,,1156311060000,1163779939092.62,1419399772263.79,1090110785967.88,1911620000000,2432797713500,2555354530340.48,3016340000000,2867653246442.81,2723136816358.49,2716445136159.47,3794585315700,5437561269346.02,,,
Northern Mariana Islands,MNP,Tax revenue (current LCU),GC.TAX.TOTL.CN,,,,,,,,,,,,,,,,,,,,,,,,,,,,,,,,,,,,,,,,,,,,,,,,,,,,,,,,,,,,,,
Mozambique,MOZ,Tax revenue (current LCU),GC.TAX.TOTL.CN,,,,,,,,,,,,,,,,,,,,,,,,,,,,,,,,,,,,,,,,,,,,,,,,,,,55600154411.42,71389161020.5998,88205697401.77,111523000000,135084806000,129657095000,152789964000,186498453402.002,191992642000,258903049000,,
Mauritania,MRT,Tax revenue (current LCU),GC.TAX.TOTL.CN,,,,,,,,,,,,,,,,,,,,,,,,,,,,,,,,,,,,,,,,,,,,,,,,,,,,,,,,,,,,,,
Mauritius,MUS,Tax revenue (current LCU),GC.TAX.TOTL.CN,,,,,,,,,,,,,,313000000,439800000,660000000,946500000,1072900000,1109500000,1260700000,1601500000,1801100000,1953400000,2436500000,2802700000,2993000000,3502300000,4314600000,5526100000,6685800000,7748700000,9074600000,9609600000,10424500000,11682900000,11319700000,11756400000,14102200000,16000000000,18323000000,20753000000,20348000000,21767800000,26121200000,29380000000,33027600000,35723100000,38550800000,48230000000,52729100000,55483730000,59531400000,65295900000,68396700000,72398900000,36865600000,78815997000,84796480165,92038891400,99387043000,,
Malawi,MWI,Tax revenue (current LCU),GC.TAX.TOTL.CN,,,,,,,,,,,,,,,,,,,,,,,,,,,,,,,,,,,,,,,,,,,,,,,,,,126429000000,161006000000,193573000000,203591000000,284151957137.533,409457983647.108,485325828116.23,604221317727.491,795784052751.187,880894525803.3,986710300154.124,1070088388546.1,
Malaysia,MYS,Tax revenue (current LCU),GC.TAX.TOTL.CN,,,,,,,,,,,,,,,,,,,,,,,,,,,,,,,,,,,,,49168000000,55664000000,47387000000,42388800000,48709000000,62741041000,66859000000,64891000000,72051000000,80593000000,86630341000,95168389525.01,112897300468.54,106504411010.7,109515185225.84,134885000000,151643000000,155952200000,164204890000,165441000000,169343100000,177658767575.11,174059303364.32,180565655199.56,,
North America,NAC,Tax revenue (current LCU),GC.TAX.TOTL.CN,,,,,,,,,,,,,,,,,,,,,,,,,,,,,,,,,,,,,,,,,,,,,,,,,,,,,,,,,,,,,,
Namibia,NAM,Tax revenue (current LCU),GC.TAX.TOTL.CN,,,,,,,,,,,,,,,,,,,,,,,,,,,,,,,1661000000,2230800000,2455600000,2776100000,3136100000,3610300000,4113900000,5106000000,5501400000,6597700000,7465935000,8057482000,9200602000,8644058989,10362903000,11892909189.3,15742241678,19034825000,21095660000,22148499000,21403212000,27015397102.07,35193123935.27,38726999274.55,46691928468.94,48802917966.72,47464184500,54378485768.42,52835523084.7,55004718277.75,,
New Caledonia,NCL,Tax revenue (current LCU),GC.TAX.TOTL.CN,,,,,,,,,,,,,,,,,,,,,,,,,,,,,,,,,,,,,,,,,,,,,,,,,,,,,,,,,,,,,,
Niger,NER,Tax revenue (current LCU),GC.TAX.TOTL.CN,,,,,,,,,,,,,,,,,23964000000,29046000000,38024000000,48951000000,62352000000,,,,,,,,,,,,,,,,,,,,,,,,,,,,,,,,,,,,,,,,,
Nigeria,NGA,Tax revenue (current LCU),GC.TAX.TOTL.CN,,,,,,,,,,,,,,,,,,,,,,,,,,,,,,,,,,,,,,,,,,,,,,,,,,,,,,,,,,,,,,
Nicaragua,NIC,Tax revenue (current LCU),GC.TAX.TOTL.CN,,,,,,,,,,,,,,,,,,,,,,,,,,,,,,,41097000,1317010000,1779310000,2040350000,2334810000,2931560000,3450370000,4392020000,5413490000,6146890000,6900450000,7015000000,7738933000,9422406000,11252541600,13645000000,16262000000,18984153000,21730272000,22175230000,25585746000,31824606000,37221749960,40784961000,47235825000,54206090000,61474690000,68661738185.35,64522717694.67,73278400000,,
Netherlands,NLD,Tax revenue (current LCU),GC.TAX.TOTL.CN,,,,,,,,,,,,,,20470025547.8262,22580103552.6453,25697573637.1846,29214370311.8831,33094191159.4538,35485612898.2489,37813505406.7913,40626942746.5501,40708623185.4464,41643410430.592,41307613070.6853,42237862513.6701,44102899201.8006,47474486207.3503,50759854971.8429,53110436491.1899,54426399117.8513,61251253567.8469,68048881204.8772,68461821201.5193,72455087103.1125,68407367575.5884,68777000000,74024000000,77270000000,81651000000,89012000000,94641000000,102227000000,106031000000,104376000000,106757000000,116979000000,126262000000,133711000000,136843000000,130869000000,134141000000,131564000000,126726000000,130059000000,138586000000,146010000000,155162000000,170405000000,178453000000,195306000000,,
Norway,NOR,Tax revenue (current LCU),GC.TAX.TOTL.CN,,,,,,,,,,,,,26248000000,26882000000,30771000000,35033000000,42228000000,48791000000,53215000000,59837000000,79932000000,95817000000,102347000000,110430000000,124253000000,144282000000,149093000000,150009000000,147123000000,145112000000,159754000000,170470000000,168607000000,177380000000,195086000000,221569000000,252455000000,272688000000,278783000000,307171000000,402515000000,407960000000,424417000000,420146000000,488461000000,563239000000,640725000000,662742000000,728020000000,630601000000,696769000000,774190000000,801630000000,772897000000,740236000000,691412000000,684293000000,740721000000,832420000000,825477000000,,
Nepal,NPL,Tax revenue (current LCU),GC.TAX.TOTL.CN,,,,,,,,,,,,,,,,,,,,,,,,,,,,,,,7235700000,8196000000,9901000000,11691000000,15402000000,19694000000,21705000000,24471000000,25991000000,28808000000,33152000000,38865000000,39331000000,42586900000,48173000000,54104800000,57426995000,71126700000,85155400000,117051300000,159785382000,181254599000,211723000000,259215000000,312439915000,355942929213.07,421058768820.88,535708367000,659492791638.82,764417848000,,
Nauru,NRU,Tax revenue (current LCU),GC.TAX.TOTL.CN,,,,,,,,,,,,,,,,,,,,,,,,,,,,,,,,,,,,,,,,,,,,,,,,,,,,,,,21630576.4,17318052.84,33826582.17,32697768.05,48746028.62,,,
New Zealand,NZL,Tax revenue (current LCU),GC.TAX.TOTL.CN,,,,,,,,,,,,,1926000000,2397000000,2867000000,3186000000,3848000000,4631000000,5002000000,6034000000,7063000000,8814000000,10122000000,10470000000,11975000000,14327000000,17492000000,21686000000,22935000000,,,,,,,,,,,,,36757100000,38131929000,42264145000,45220766000,49390941000,55017000000,56207000000,59711000000,57681030000,53178610000,54677620000,58526430000,62193210000,65165930000,70008700000,74018500000,79457900000,84142960000,91009500000,,
OECD members,OED,Tax revenue (current LCU),GC.TAX.TOTL.CN,,,,,,,,,,,,,,,,,,,,,,,,,,,,,,,,,,,,,,,,,,,,,,,,,,,,,,,,,,,,,,
Oman,OMN,Tax revenue (current LCU),GC.TAX.TOTL.CN,,,,,,,,,,,,,,,,,,,,,,,,,,,,,,,,,,,,,,,,,,,,,,,,,,,,,,,,,,,,,,
Other small states,OSS,Tax revenue (current LCU),GC.TAX.TOTL.CN,,,,,,,,,,,,,,,,,,,,,,,,,,,,,,,,,,,,,,,,,,,,,,,,,,,,,,,,,,,,,,
Pakistan,PAK,Tax revenue (current LCU),GC.TAX.TOTL.CN,,,,,,,,,,,,,,,,,,,,,,,,,,,,,,,,,,,,,,,,,,,,,,,,,,,,,,,,,,,,,,
Panama,PAN,Tax revenue (current LCU),GC.TAX.TOTL.CN,,,,,,,,,,,,,,,,,,,,,,,,,,,,,,,,,,,,,,,,,,,,,,,,,,,,,,,5121959010.85,5464140581.051,6009395685.87,6217750167.91,6456301085.76,,,
Peru,PER,Tax revenue (current LCU),GC.TAX.TOTL.CN,,,,,,,,,,,,,45,46,59,79,101,143,244,495,941,1382,2249,3361,7957,24762,40800,61948,373000,7165000,586270000,2946030000,5389050000,8428750000,12787810000,16457700000,19255800000,22304400000,23143800000,22071800000,22769200000,23540700000,24061600000,27404700000,31143600000,35367500000,45485429710.7912,52453527793.1894,58241564148.1695,52613517362.2659,64462196431.8746,75540698795.4591,84078846642.1605,89322593860.3512,95316137647.5697,90176759709.6684,89297534067.9662,90638021381.9359,104517368814.947,110681254850.45,,
Philippines,PHL,Tax revenue (current LCU),GC.TAX.TOTL.CN,,,,,,,,,,,,,,,,,,,,,,,,,,,,,,,151700000000,182275000000,208705000000,230170000000,271305000000,310517000000,367894000000,412165000000,416585000000,431686000000,459988000000,493613000000,507629000000,550400000000,605030000000,705590000000,859893000000,932922000000,1049224000000,981590000000,1093652000000,1202041000000,1361108000000,1535706000000,1718937000000,1815475000000,1980390000000,2250677000000,2565808680000,2827840340000,,
Palau,PLW,Tax revenue (current LCU),GC.TAX.TOTL.CN,,,,,,,,,,,,,,,,,,,,,,,,,,,,,,,,,,,,,,,,,,,,,,,,,32904470.3364986,29299256.0059212,31233389.9297148,34705301.4866934,38986496.9628581,41441250.028777,47019983,56553776.0344608,59113940.0554042,56917536,60462629.0322429,56004000,,
Papua New Guinea,PNG,Tax revenue (current LCU),GC.TAX.TOTL.CN,,,,,,,,,,,,,,,,,,,,,,,,,,,,,,,617500000,639400000,772140000,966820000,1139021000,1222038000,1526306000,1679508000,1598200000,1923503000,1847462000,2567517000,2449199000,,,,,,,,,,,,10232100000,9157602680.94,8421550229,9141354768.991,10475881032.48,10918087814.47,,
Poland,POL,Tax revenue (current LCU),GC.TAX.TOTL.CN,,,,,,,,,,,,,,,,,,,,,,,,,263440000,323720000,366660000,456240000,805840000,,,,,,57372000000,77187000000,93531000000,109245000000,122348000000,121849000000,126949000000,125485000000,136783000000,141655000000,146399000000,163178000000,183462000000,214779000000,234840000000,220236000000,238406000000,260703000000,259644000000,256708000000,267254000000,282538000000,302454000000,334182000000,369059000000,396744000000,,
Pre-demographic dividend,PRE,Tax revenue (current LCU),GC.TAX.TOTL.CN,,,,,,,,,,,,,,,,,,,,,,,,,,,,,,,,,,,,,,,,,,,,,,,,,,,,,,,,,,,,,,
Puerto Rico,PRI,Tax revenue (current LCU),GC.TAX.TOTL.CN,,,,,,,,,,,,,,,,,,,,,,,,,,,,,,,,,,,,,,,,,,,,,,,,,,,,,,,,,,,,,,
"Korea, Dem. People's Rep.",PRK,Tax revenue (current LCU),GC.TAX.TOTL.CN,,,,,,,,,,,,,,,,,,,,,,,,,,,,,,,,,,,,,,,,,,,,,,,,,,,,,,,,,,,,,,
Portugal,PRT,Tax revenue (current LCU),GC.TAX.TOTL.CN,,,,,,,,,,,,,,211989106.253928,261370098.063667,303767919.314452,424477010.404924,577607964.80482,692830279.027544,894344629.443042,1246994742.67016,1579692940.01456,2008160333.59603,2760347562.37468,3316507217.60557,4059716084.23699,5073772208.97637,5273211560.14006,6872377570.05616,8442154407.87702,9889665905.16854,11763150806.5562,14509532027.813,14164363883.0419,15975000249.3989,17534112000,19357888000,20736654000,22730186000,25038062000,26810886000,27852942000,29690493000,29040000000,30418509000,32633204000,35122794000,37460963000,37695452000,33430342000,35280603000,37215001000,34955263000,38637115000,39192160000,40954327000,41646892000,43834543000,46481071000,47598226000,,
Paraguay,PRY,Tax revenue (current LCU),GC.TAX.TOTL.CN,,,,,,,,,,,,,,,,,,,,,,,,,,,,,,,,,,,,,,,,,,,,,,5482500000000,6319800000000,7043591170761,8693324278161,9246192947203,11452105275921,13252802407652,13924262042898,14958500000000,17558280031540,18351469257783,19562362449873,21816853464466,23230715169197,23658105120351,,
West Bank and Gaza,PSE,Tax revenue (current LCU),GC.TAX.TOTL.CN,,,,,,,,,,,,,,,,,,,,,,,,,,,,,,,,,,,,,,,,,,,,,,,,,,,,,,,,,,,,,,
Pacific island small states,PSS,Tax revenue (current LCU),GC.TAX.TOTL.CN,,,,,,,,,,,,,,,,,,,,,,,,,,,,,,,,,,,,,,,,,,,,,,,,,,,,,,,,,,,,,,
Post-demographic dividend,PST,Tax revenue (current LCU),GC.TAX.TOTL.CN,,,,,,,,,,,,,,,,,,,,,,,,,,,,,,,,,,,,,,,,,,,,,,,,,,,,,,,,,,,,,,
French Polynesia,PYF,Tax revenue (current LCU),GC.TAX.TOTL.CN,,,,,,,,,,,,,,,,,,,,,,,,,,,,,,,,,,,,,,,,,,,,,,,,,,,,,,,,,,,,,,
Qatar,QAT,Tax revenue (current LCU),GC.TAX.TOTL.CN,,,,,,,,,,,,,,,,,,,,,,,,,,,,,,,,,,,,,,,,,,,,,,,,,,,,,,,,,,,,,,
Romania,ROU,Tax revenue (current LCU),GC.TAX.TOTL.CN,,,,,,,,,,,,,821000,918000,1060000,1285000,1508000,1773000,2219000,2353000,2566000,2737000,2964000,3094000,3307000,3435000,3744000,3772000,3879000,4094000,19780000,49636000,135132000,393951000,885323000,1324400000,1834300000,4344200000,6563700000,9402700000,14527000000,19526200000,25108200000,34112900000,42627800000,50109200000,61515800000,74664200000,90613100000,81083300000,87768400000,101097200000,106590600000,112191600000,119994300000,134805000000,128690900000,132742000000,137944800000,154646200000,,
Russian Federation,RUS,Tax revenue (current LCU),GC.TAX.TOTL.CN,,,,,,,,,,,,,,,,,,,,,,,,,,,,,,,,,,,,,,,,542270000000,1002739000000,1411181000000,1476735000000,1758548234800,2253382761600,3592171800000,4459700000000,5502900000000,6529200000000,5028000000000,6042500000000,8388430000000,9367400000000,9439600000000,10475712039061.1,8842239882184.92,7862231000000,9449201000000,11911657000000,11989394000000,,
Rwanda,RWA,Tax revenue (current LCU),GC.TAX.TOTL.CN,,,,,,,,,,,,,,2106000000,2920000000,3969000000,6129000000,7809000000,7878000000,11254000000,11304000000,,,,,,,,,20870000000,18750000000,22156000000,24590000000,,,,,,,,,,,,,,,,,,,,,,727991056703.2,817615403912.8,986838220029.619,1034980015196.6,1182602900826.03,1359415316125.08,,
South Asia,SAS,Tax revenue (current LCU),GC.TAX.TOTL.CN,,,,,,,,,,,,,,,,,,,,,,,,,,,,,,,,,,,,,,,,,,,,,,,,,,,,,,,,,,,,,,
Saudi Arabia,SAU,Tax revenue (current LCU),GC.TAX.TOTL.CN,,,,,,,,,,,,,,,,,,,,,,,,,,,,,,,,,,,,,,,,,,,,,,,,,,,50106000000,58699000000,70058000000,76548000000,78605000000,81810000000,81987001327.1,87403173603.04,263261000000,220053352705.96,,
Sudan,SDN,Tax revenue (current LCU),GC.TAX.TOTL.CN,,,,,,,,,,,,,,,,,,,,,,,,,,,,,,,,,,,,,,,1399980000,1722950000,,,,,,,,,,8683000000,10024400000,8062200000,15567400000,24133600000,35178000000,41963300000,47257500000,,,,,
Senegal,SEN,Tax revenue (current LCU),GC.TAX.TOTL.CN,,,,,,,,,,,,,,,,,,,,,,,,,,,,,,,,,,,,,,,,,,,,,,,,,,,,,,,,1657669765034,1847224668295,1939282136649.5,2102982357155.33,,,
Singapore,SGP,Tax revenue (current LCU),GC.TAX.TOTL.CN,,,,,,,,,,,,,1208000000,1537000000,1933000000,2275000000,2400000000,2735000000,2922000000,3391000000,4396000000,5427000000,6428000000,7140000000,7371000000,6400000000,5208000000,5957000000,7519000000,9618000000,10254000000,11924000000,13675000000,15952000000,18699000000,19626000000,21585000000,22764000000,20131000000,21253000000,24606000000,23466000000,21025000000,21173000000,22563000000,24627000000,27940000000,34961000000,37679000000,36584000000,41807100000,46049300000,50081500000,51077100000,54083600000,55639600000,58662972564.53,66314736600,66154772870.61,67618890911.54,,
Solomon Islands,SLB,Tax revenue (current LCU),GC.TAX.TOTL.CN,,,,,,,,,,,,,,,,,,,,,,,,,,,,,,,,,,,,,,,,,,,,,,,,,,,,2045268113.29,2281950964.22,2498300927.97,2521250768.84,2664438757.88,2614252054.66,2870964783.11,3279557137.53,2942202200.17,2656071901.83,
Sierra Leone,SLE,Tax revenue (current LCU),GC.TAX.TOTL.CN,,,,,,,,,,,,,,,,,,,,,,,,,,,,,,,,,,,,,,,,,,,,,,,,,,,,,,,,,,,,,,
El Salvador,SLV,Tax revenue (current LCU),GC.TAX.TOTL.CN,,,,,,,,,,,,,,,,,,,,,,,,,,,,,,,,,,,,,,,1080520000,1177140000,1249850000,1634400000,1532300000,1679100000,1736800000,2132800000,2507200000,2848600000,3068600000,2636200000,2917000000,3112350000,3460800000,3750500000,3775096631.32,3926534495.51,4198368395.51,4434743210.53,4717300000,4860500000,,
San Marino,SMR,Tax revenue (current LCU),GC.TAX.TOTL.CN,,,,,,,,,,,,,,,,,,,,,,,,,,,,,,,,,,,,258000000000,,,,,,,219893842,218588056.7,219607106.68,243187948.24,261954241.12,281683061.34,288742756.29,250698816.01,221250805.7,210474053.4,225023055,215717269,231154347.38,228869712.08,221391819.61,222847199,251702277,244176142,,
Somalia,SOM,Tax revenue (current LCU),GC.TAX.TOTL.CN,,,,,,,,,,,,,,,,,,,,,,,,,,,,,,,,,,,,,,,,,,,,,,,,,,,,,,,,,,142519267.339033,179310007.043244,154986928.54,,
Serbia,SRB,Tax revenue (current LCU),GC.TAX.TOTL.CN,,,,,,,,,,,,,,,,,,,,,,,,,,,,,,,,,,,,,,,,,,,,,,,,537557900000,615073342602.01,610573800000,657568772000,688308042800,706861000000,858806130033.5,914078388483.53,964632013790.91,1054612047193.06,1145803826027.72,1197120029191.26,1303940865866.2,,
Sub-Saharan Africa (excluding high income),SSA,Tax revenue (current LCU),GC.TAX.TOTL.CN,,,,,,,,,,,,,,,,,,,,,,,,,,,,,,,,,,,,,,,,,,,,,,,,,,,,,,,,,,,,,,
South Sudan,SSD,Tax revenue (current LCU),GC.TAX.TOTL.CN,,,,,,,,,,,,,,,,,,,,,,,,,,,,,,,,,,,,,,,,,,,,,,,,,,,,,,,,,,,,,,
Sub-Saharan Africa,SSF,Tax revenue (current LCU),GC.TAX.TOTL.CN,,,,,,,,,,,,,,,,,,,,,,,,,,,,,,,,,,,,,,,,,,,,,,,,,,,,,,,,,,,,,,
Small states,SST,Tax revenue (current LCU),GC.TAX.TOTL.CN,,,,,,,,,,,,,,,,,,,,,,,,,,,,,,,,,,,,,,,,,,,,,,,,,,,,,,,,,,,,,,
Sao Tome and Principe,STP,Tax revenue (current LCU),GC.TAX.TOTL.CN,,,,,,,,,,,,,,,,,,,,,,,,,,,,,,,,,,,,,,,,,,,,,,,,,,,,,,,,,,,,,,
Suriname,SUR,Tax revenue (current LCU),GC.TAX.TOTL.CN,,,,,,,,,,,,,,,,,,,,,,,,,,,,,,,,,,,,,,,,,,,,,,,,,,,,,,,,,,,,,,
Slovak Republic,SVK,Tax revenue (current LCU),GC.TAX.TOTL.CN,,,,,,,,,,,,,,,,,,,,,,,,,,,,,,,,,,,,4594360000,4719124000,5004239000,5381094000,5644066000,5857859000,5936776000,6390156000,7334830000,7985021000,9091009000,9469197000,10579167000,11280268000,9949745000,10317204000,11463804000,11427497000,12434877000,13313010000,14509143000,14702315000,15719700000,16642152000,17582428000,,
Slovenia,SVN,Tax revenue (current LCU),GC.TAX.TOTL.CN,,,,,,,,,,,,,,,,,,,,,,,,,,,,,,,,,797279252.211651,1180520781.17176,1662076448.00534,2051487000,2441965000,2739869000,3147431000,3589821000,3788693000,4218839000,4828236000,5293131000,5700871000,6157227000,6575369000,7040909000,7360604000,6524854000,6566341000,6610939000,6477487000,6525278000,6837706000,7185362000,7525131000,7890610000,8498911000,8845526000,,
Sweden,SWE,Tax revenue (current LCU),GC.TAX.TOTL.CN,,,,,,,,,,,,,44370000000,45630000000,50030000000,56720000000,75380000000,84550000000,86420000000,88890000000,97980000000,109740000000,117640000000,135550000000,159800000000,198280000000,205270000000,250290000000,274860000000,299110000000,335070000000,326160000000,283840000000,256030000000,261930000000,509726000000,534326000000,563303000000,638779000000,686093000000,719048000000,698361000000,695397000000,727106000000,771327000000,837026000000,891558000000,946513000000,937412000000,909918000000,979144000000,992843000000,984578000000,1011767000000,1058668000000,1156157000000,1241529000000,1300918000000,1347539000000,1378593000000,,
Eswatini,SWZ,Tax revenue (current LCU),GC.TAX.TOTL.CN,,,,,,,,,,,,,,,,,,,,,,,,,,,,,,,,,,,,,,,,,,,,,,,,,,,,,,,,,,,,,,
Sint Maarten (Dutch part),SXM,Tax revenue (current LCU),GC.TAX.TOTL.CN,,,,,,,,,,,,,,,,,,,,,,,,,,,,,,,,,,,,,,,,,,,,,,,,,,,,,,,,,,,,,,
Seychelles,SYC,Tax revenue (current LCU),GC.TAX.TOTL.CN,,,,,,,,,,,,,,,,,,,,,,,,,,369400000,410300000,486600000,550000000,633100000,,,,868300000,786200000,668800000,673500000,763000000,846300000,905900000,916300000,,,,,1380034040.29,1385332000,1610382221,2045990940,2911125583.95,3260005122.99,4155561142.03,4414641167,4494645800,5149874672.89,5428330291.8,6022419277.85,6671860037.37,7527344660.47,,,
Syrian Arab Republic,SYR,Tax revenue (current LCU),GC.TAX.TOTL.CN,,,,,,,,,,,,,,,,,,,,,,,,,,,,,,,,,,,,,,,,,,,,,,,,,,,,,,,,,,,,,,
Turks and Caicos Islands,TCA,Tax revenue (current LCU),GC.TAX.TOTL.CN,,,,,,,,,,,,,,,,,,,,,,,,,,,,,,,,,,,,,,,,,,,,,,,,,,,,,,,,,,,,,,
Chad,TCD,Tax revenue (current LCU),GC.TAX.TOTL.CN,,,,,,,,,,,,,,,,,,,,,,,,,,,,,,,,,,,,,,,,,,,,,,,,,,,,,,,,,,,,,,
East Asia & Pacific (IDA & IBRD countries),TEA,Tax revenue (current LCU),GC.TAX.TOTL.CN,,,,,,,,,,,,,,,,,,,,,,,,,,,,,,,,,,,,,,,,,,,,,,,,,,,,,,,,,,,,,,
Europe & Central Asia (IDA & IBRD countries),TEC,Tax revenue (current LCU),GC.TAX.TOTL.CN,,,,,,,,,,,,,,,,,,,,,,,,,,,,,,,,,,,,,,,,,,,,,,,,,,,,,,,,,,,,,,
Togo,TGO,Tax revenue (current LCU),GC.TAX.TOTL.CN,,,,,,,,,,,,,,,,,,,,,,,,,,,,,,,,,,,,,,,,,,,,,156675594840,154910372234,170592361498,195864804071,211198997840,229089464630,246773948409,291440000000,314027022071.74,359872000000,415629807555,468507361943,498921783147,484332770642.679,502083773389.933,556531390042.8,,
Thailand,THA,Tax revenue (current LCU),GC.TAX.TOTL.CN,,,,,,,,,,,,,18781000000,22595000000,35134000000,33951000000,37366000000,46842000000,56931000000,69159000000,87071000000,102473000000,106379000000,130224000000,139385000000,144612000000,154325000000,177438000000,230956000000,289330000000,369179000000,436493000000,441390000000,502544000000,591571000000,693415000000,775863000000,758618000000,648258000000,617371000000,657897000000,698603300000,777180201653.27,914844580453.63,1032942517591.98,1223016054875.57,1313608090000,1374438470000,1493400000000,1370973490000,1613942200000,1850017280000,1908089229239.34,2197163987286.28,2091491316326.99,2218252362736.73,2241479885644.64,2289174506903.03,2443011176093.34,2475173267467.27,,
Tajikistan,TJK,Tax revenue (current LCU),GC.TAX.TOTL.CN,,,,,,,,,,,,,,,,,,,,,,,,,,,,,,,,,,,,,,,78836000,110417000,137631000,210281000,,461960000,605692000,,,,,,,,,,,,,,,,,
Turkmenistan,TKM,Tax revenue (current LCU),GC.TAX.TOTL.CN,,,,,,,,,,,,,,,,,,,,,,,,,,,,,,,,,,,,,,,,,,,,,,,,,,,,,,,,,,,,,,
Latin America & the Caribbean (IDA & IBRD countries),TLA,Tax revenue (current LCU),GC.TAX.TOTL.CN,,,,,,,,,,,,,,,,,,,,,,,,,,,,,,,,,,,,,,,,,,,,,,,,,,,,,,,,,,,,,,
Timor-Leste,TLS,Tax revenue (current LCU),GC.TAX.TOTL.CN,,,,,,,,,,,,,,,,,,,,,,,,,,,,,,,,,,,,,,,,,,,,,,,,,,,971622300.04,1412472274.51,1713445671.34,1310100000,908916999,575143356,247512473.78,320597485.11,392890536.2,463693665.32,,
Middle East & North Africa (IDA & IBRD countries),TMN,Tax revenue (current LCU),GC.TAX.TOTL.CN,,,,,,,,,,,,,,,,,,,,,,,,,,,,,,,,,,,,,,,,,,,,,,,,,,,,,,,,,,,,,,
Tonga,TON,Tax revenue (current LCU),GC.TAX.TOTL.CN,,,,,,,,,,,,,,,,,,,,,,,,,,,,,,,,,,,,,,,,,,,,,,,,,,,,,,,,,,,,,,
South Asia (IDA & IBRD),TSA,Tax revenue (current LCU),GC.TAX.TOTL.CN,,,,,,,,,,,,,,,,,,,,,,,,,,,,,,,,,,,,,,,,,,,,,,,,,,,,,,,,,,,,,,
Sub-Saharan Africa (IDA & IBRD countries),TSS,Tax revenue (current LCU),GC.TAX.TOTL.CN,,,,,,,,,,,,,,,,,,,,,,,,,,,,,,,,,,,,,,,,,,,,,,,,,,,,,,,,,,,,,,
Trinidad and Tobago,TTO,Tax revenue (current LCU),GC.TAX.TOTL.CN,,,,,,,,,,,,,,,,,1802100000,2457300000,2458000000,3223400000,5335500000,5847200000,,,,,,,,,,,,,,,,,,,,12168300000,11514400000,15160100000,18424500000,26558600000,35084000000,35601200000,51689400000,32536600000,37074400000,41801300000,43568900000,44641600000,47286600000,42298100000,29732700000,29732700000,32143700000,,,
Tunisia,TUN,Tax revenue (current LCU),GC.TAX.TOTL.CN,,,,,,,,,,,,,189900000,218200000,276500000,352200000,385600000,466200000,561800000,636900000,743200000,900600000,1094500000,1307500000,1473500000,1544000000,1612300000,1652200000,1775500000,1932500000,2158100000,2452000000,2809600000,3080400000,3283600000,3493200000,3782300000,4231000000,4762700000,5206700000,5678400000,6221500000,6429100000,6630800000,7252000000,7904200000,8469800000,9508100000,11330900000,11763700000,12698600000,13667900000,14864400000,,,,,,,,,
Turkey,TUR,Tax revenue (current LCU),GC.TAX.TOTL.CN,,,,,,,,,,,,,38800,52100,65300,94900,133900,176000,261200,405400,750000,1206400,,1938200,2375900,3981800,5990680,9072700,14249800,25572100,45431200,78734200,141797000,264436000,588058000,1084941000,2245290000,5493391000,10553122000,,,,,,,,,,175505322964.24,181891107642.97,220210083347.453,260907953433.07,286361320491.52,334850693041.14,368768204679.35,427419489436.41,479756554788.49,555234665288.47,649410746821.48,713574783915.84,890636678445.53,
Tuvalu,TUV,Tax revenue (current LCU),GC.TAX.TOTL.CN,,,,,,,,,,,,,,,,,,,,,,,,,,,,,,,,,,,,,,,,,,,,,,,,,,,,,,,,,,,,,,
Tanzania,TZA,Tax revenue (current LCU),GC.TAX.TOTL.CN,,,,,,,,,,,,,,,,,,,,,,,,,,,,,,,,,,,,,,,,,,,,,,,,,,4428787000000,4428787000000,5286418000000,6501708200000,7824559500000,9386881205000,9899597698000,12342837100000,14055172620000,15091791440000,,,
Uganda,UGA,Tax revenue (current LCU),GC.TAX.TOTL.CN,,,,,,,,,,,,,,,,,,,,,,,,,,,,,,,,,,,,,,,,,,,,,,,,,,,,,,,,9892489378422.67,11180556822653.8,12593218783396.8,14076078290972.5,16163006083453,,
Ukraine,UKR,Tax revenue (current LCU),GC.TAX.TOTL.CN,,,,,,,,,,,,,,,,,,,,,,,,,,,,,,,,,,,,,,,,16946700000,23980500000,24628100000,29578178570,36504427645.41,45816015155.66,75590200000,96573800000,118809600000,169347988000,149530700000,168059800000,240694020000,257287000000,257309000000,274446600000,406684400000,468250400000,597806600000,717135700000,763468500000,,
Upper middle income,UMC,Tax revenue (current LCU),GC.TAX.TOTL.CN,,,,,,,,,,,,,,,,,,,,,,,,,,,,,,,,,,,,,,,,,,,,,,,,,,,,,,,,,,,,,,
Uruguay,URY,Tax revenue (current LCU),GC.TAX.TOTL.CN,,,,,,,,,,,,,159000,355000,571000,968000,1880000,3030000,4739000,8132000,14592000,19961000,17809000,26522000,37599000,76347000,149268000,265271000,447260000,761790000,1762000000,3797000000,6716000000,11464000000,16777000000,20680000000,28377000000,37978000000,45147000000,41551000000,40592000000,42604667000,45634286601.236,58464561672.07,70108757000,76065220000,89499084076.6719,101160141485.321,116045638981.406,133774658256.501,152616847368.941,176950988076.637,195975453374.18,224370682880.155,246957500000,269469900000,376787200000,336989100000,367910400000,391901395139.663,,
United States,USA,Tax revenue (current LCU),GC.TAX.TOTL.CN,,,,,,,,,,,,,151190000000,163850000000,182920000000,188470000000,201370000000,241880000000,271430000000,315380000000,346830000000,402500000000,400540000000,376060000000,410210000000,450570000000,465430000000,531590000000,554850000000,608300000000,624060000000,635540000000,651000000000,706770000000,774160000000,838920000000,918230000000,1014570000000,1117430000000,1180780000000,1329630000000,1254773900000,1078486200000,1075840000000,1165211500000,1392812200000,1562608600000,1634127700000,1517778800000,1144276500000,1288676800000,1488047300000,1587024200000,1765757500000,1918847600000,2044355600000,2040358100000,2288647100000,2039748700000,2147846900000,2086870300000,
Uzbekistan,UZB,Tax revenue (current LCU),GC.TAX.TOTL.CN,,,,,,,,,,,,,,,,,,,,,,,,,,,,,,,,,,,,,,,,,,,,,,,,,,,,12766005900000,16809257900000,21157700000000,25166667252090,30010211343459.2,34310724346801.2,36959796976163.2,60131596099809.1,67208219964568.9,,
St. Vincent and the Grenadines,VCT,Tax revenue (current LCU),GC.TAX.TOTL.CN,,,,,,,,,,,,,,,,,,,,,,,,,,,,,,,118500000,134700000,138700000,144600000,154500000,164000000,178600000,193100000,213600000,218300000,227614000,241570000,272830000,272532000,290903000,308858000,361708695,402587736,447955534,432608191,421473672,412138473,430577983,420634044,468320000,481220000,535410000,542370000,,,,
"Venezuela, RB",VEN,Tax revenue (current LCU),GC.TAX.TOTL.CN,,,,,,,,,,,,,,,,,,,,,,,,,,,,,,,,,,,,,,,,,,,,,,,,,,,,,,,,,,,,,,
British Virgin Islands,VGB,Tax revenue (current LCU),GC.TAX.TOTL.CN,,,,,,,,,,,,,,,,,,,,,,,,,,,,,,,,,,,,,,,,,,,,,,,,,,,,,,,,,,,,,,
Virgin Islands (U.S.),VIR,Tax revenue (current LCU),GC.TAX.TOTL.CN,,,,,,,,,,,,,,,,,,,,,,,,,,,,,,,,,,,,,,,,,,,,,,,,,,,,,,,,,,,,,,
Vietnam,VNM,Tax revenue (current LCU),GC.TAX.TOTL.CN,,,,,,,,,,,,,,,,,,,,,,,,,,,,,,,,,,,,,,,,,,,,,,,,,,,,,,,,,,,,,,
Vanuatu,VUT,Tax revenue (current LCU),GC.TAX.TOTL.CN,,,,,,,,,,,,,,,,,,,,,,,,,,,,,,,3990400000,,,,,5004000000,5423000000,5718000000,5932000000,5924000000,,,,,,,,,,10435000000,10525800000,11329600000,12041843700,13069321000,13747676300,13467377000,14230933000,16253700000,17974974224,18905462765,,
World,WLD,Tax revenue (current LCU),GC.TAX.TOTL.CN,,,,,,,,,,,,,,,,,,,,,,,,,,,,,,,,,,,,,,,,,,,,,,,,,,,,,,,,,,,,,,
Samoa,WSM,Tax revenue (current LCU),GC.TAX.TOTL.CN,,,,,,,,,,,,,,,,,,,,,,,,,,,,,,,,,,,,,,,,,,,,,,,,,,,,,365389100.69,413653786.93,438231496.31,450287773.29,506684750.54,526853793.92,536117723.95,583836015.86,,
Kosovo,XKX,Tax revenue (current LCU),GC.TAX.TOTL.CN,,,,,,,,,,,,,,,,,,,,,,,,,,,,,,,,,,,,,,,,,,,,,,,,,,,,,,,,,,,,,,
"Yemen, Rep.",YEM,Tax revenue (current LCU),GC.TAX.TOTL.CN,,,,,,,,,,,,,,,,,,,,,,,,,,,,,,,,,,,,,,,,,,,,,,,,,,,,,,,,,,,,,,
South Africa,ZAF,Tax revenue (current LCU),GC.TAX.TOTL.CN,,,,,,,,,,,,,2832000000,3617000000,4361000000,5168000000,5801000000,6747000000,7782000000,9368000000,12393000000,13947000000,16909000000,19239000000,23915000000,29900000000,33720000000,39125000000,49260000000,65716000000,69098000000,78387000000,79130000000,95568000000,106862000000,126421000000,147271000000,165460700000,185756400000,201429600000,220906900000,253016000000,283360000000,305424000000,358555000000,421998000000,501602000000,582139000000,635222000000,611793000000,688142544141.78,761352000000,832599903213.941,921948406018.218,1009985137716.34,1107350734679.6,1181719145823.5,1220580610520.97,1292202598642.21,1357461867009.8,,
Zambia,ZMB,Tax revenue (current LCU),GC.TAX.TOTL.CN,,,,,,,,,,,,,,,,,,,,,,,,,,,,,,,22081900,38184800,106570700,222913700,421908600,516135400,699802500,907900000,1066400000,1378300000,,2445503688.115,2848226832.091,3447687673.744,4553747455.468,5502071247.999,6302400000,7923241559.588,8895494961.126,9040100425.104,12477509534.452,16780541000,19549490000,21711624000,26329274000,26395795000,28855958000,37393013963.21,45643375276,50107705101,,
Zimbabwe,ZWE,Tax revenue (current LCU),GC.TAX.TOTL.CN,,,,,,,,,,,,,,,,,,,,,,,,,,,,,,,,,,,,,,,,,,,,,,,,,,888952603.51,2099453397.63,2528228118.33,3052517209,,,3528154808.76,3176484694,3498855381,5022449434,,,